Workbook

Sheet  01-03-26
C2: VARIABLE DE CONTROL SISTEMA DE GENERACIÓN DE VAPOR " PLANTA SALSAS Y UNTABLES" | H2: Codigo: FOXXX-0704-MAN
H3: Fecha actualización: XX/XX/XXXX
H4: Versión: X
A6: NOMBRE DE LA PLANTA: Alimentos Polar Comercial, C.A. Salsas y Untables
A7: DIRECCIÓN: Avenida Luis Ernesto Branger, Zona Industrial Norte II, Parroquia Rafael Urdaneta, Valencia, Edo. Carabobo,
A8: Venezuela. Código postal 2001.
A11: FECHA: | B11: 46082 | C11: Nombre y Apellido | E11: Eliezer D | F11: Angel M | G11: Observaciones
A12: Area | B12: Variable de control | D12: Rango Operación | E12: 1er Turno | F12: 2do Turno
E13: 0.29166667 | F13: 0.79166667
A14: Alimentación Calderas | B14: Hierro Total | C14: Semanal | D14: ≤ 0,1 mg/l
B15: Temperatura | C15: Diaria | D15: ≥ 104 °C | E15: 93.4 | F15: 98.5
B16: Dureza Total en CaCO3 | C16: Diaria | D16: ≤ 0,3 mg/l
B17: Conductividad | C17: Semanal | D17: −
B18: pH | C18: Diaria | D18: 8,5 - 10,0 | E18: 7.69 | F18: 7.68
B19: Sílice en SiO2 | C19: Semanal | D19: −
B20: Alcalinidad +M en CaCO3 | C20: Semanal | D20: −
B21: Alcalinidad OH¯ en CaCO3 | C21: Semanal | D21: −
A23: Caldera N°1 | B23: Alcalinidad +M en CaCO3 | C23: Semanal | D23: ≤ 700 mg/l
B24: Alcalinidad OH¯ en CaCO3 | C24: Semanal | D24: ≥ 40 mg/l
B25: Conductividad | C25: Diaria | D25: 1.100 - 1.500 uS/cm | E25: 2985
B26: pH | C26: Diaria | D26: 10,5 - 11,9 | E26: 11.6 | F26: 11.54
B27: Sílice en SiO2 | C27: Semanal | D27: ≤ 150 mg/l
B28: Dureza Total en CaCO3 | C28: Semanal | D28: ˂ 3 mg/l
B29: Hierro Total | C29: Mensual | D29: ˂ 1 mg/l
B30: Sulfito | C30: Diaria | D30: 30 - 60 mg/l | E30: 50 | F30: 45
B31: Fosfato | C31: Diaria | D31: 30 - 60 mg/l | E31: 45 | F31: 40
B32: TDS | C32: Diaria | D32: − | E32: 2171 | F32: 2670
A34: Caldera N°2 | B34: Alcalinidad +M en CaCO3 | C34: Semanal | D34: ≤ 700 mg/l
B35: Alcalinidad OH¯ en CaCO3 | C35: Semanal | D35: ≥ 40 mg/l
B36: Conductividad | C36: Diaria | D36: 1.100 - 1.500 uS/cm | E36: 2468
B37: pH | C37: Diaria | D37: 10,5 - 11,9 | E37: 11.59 | F37: 11.67
B38: Sílice en SiO2 | C38: Semanal | D38: ≤ 150 mg/l
B39: Dureza Total en CaCO3 | C39: Semanal | D39: ˂ 3 mg/l
B40: Hierro Total | C40: Mensual | D40: ˂ 1 mg/l
B41: Sulfito | C41: Diaria | D41: 30 - 60 mg/l | E41: 35 | F41: 30
B42: Fosfato | C42: Diaria | D42: 30 - 60 mg/l | E42: 30 | F42: 30
B43: TDS | C43: Diaria | D43: − | E43: 1770 | F43: 1890
A45: Caldera N°3 | B45: Alcalinidad +M en CaCO3 | C45: Semanal | D45: ≤ 700 mg/l
B46: Alcalinidad OH¯ en CaCO3 | C46: Semanal | D46: ≥ 40 mg/l
B47: Conductividad | C47: Diaria | D47: 1.100 - 1.500 uS/cm
B48: pH | C48: Diaria | D48: 10,5 - 11,9
B49: Sílice en SiO2 | C49: Semanal | D49: ≤ 150 mg/l
B50: Dureza Total en CaCO3 | C50: Semanal | D50: ˂ 3 mg/l
B51: Hierro Total | C51: Mensual | D51: ˂ 1 mg/l
B52: Sulfito | C52: Diaria | D52: 30 - 60 mg/l
B53: Fosfato | C53: Diaria | D53: 30 - 60 mg/l
B54: TDS | C54: Diaria | D54: −
A56: Caldera N°4 | B56: Alcalinidad +M en CaCO3 | C56: Semanal | D56: ≤ 700 mg/l
B57: Alcalinidad OH¯ en CaCO3 | C57: Semanal | D57: ≥ 40 mg/l
B58: Conductividad | C58: Diaria | D58: 1.100 - 1.500 uS/cm | E58: 2296
B59: pH | C59: Diaria | D59: 10,5 - 11,9 | E59: 11.8 | F59: 11.5
B60: Sílice en SiO2 | C60: Semanal | D60: ≤ 150 mg/l
B61: Dureza Total en CaCO3 | C61: Semanal | D61: ˂ 3 mg/l
B62: Hierro Total | C62: Mensual | D62: ˂ 1 mg/l
B63: Sulfito | C63: Diaria | D63: 30 - 60 mg/l | E63: 40 | F63: 44
B64: Fosfato | C64: Diaria | D64: 30 - 60 mg/l | E64: 35 | F64: 37.5
B65: TDS | C65: Diaria | D65: − | E65: 1640 | F65: 1740
A67: Caldera N°5 | B67: Alcalinidad +M en CaCO3 | C67: Semanal | D67: ≤ 700 mg/l
B68: Alcalinidad OH¯ en CaCO3 | C68: Semanal | D68: ≥ 40 mg/l
B69: Conductividad | C69: Diaria | D69: 1.100 - 1.500 uS/cm | E69: 3583
B70: pH | C70: Diaria | D70: 10,5 - 11,9 | E70: 11.73
B71: Sílice en SiO2 | C71: Semanal | D71: ≤ 150 mg/l
B72: Dureza Total en CaCO3 | C72: Semanal | D72: ˂ 3 mg/l
B73: Hierro Total | C73: Mensual | D73: ˂ 1 mg/l
B74: Sulfito | C74: Diaria | D74: 30 - 60 mg/l | E74: 62 | F74: 58
B75: Fosfato | C75: Diaria | D75: 30 - 60 mg/l | E75: 40 | F75: 47.5
B76: TDS | C76: Diaria | D76: − | E76: 2633 | F76: 2710

Sheet  02-03-26
C2: VARIABLE DE CONTROL SISTEMA DE GENERACIÓN DE VAPOR " PLANTA SALSAS Y UNTABLES" | H2: Codigo: FOXXX-0704-MAN
H3: Fecha actualización: XX/XX/XXXX
H4: Versión: X
A6: NOMBRE DE LA PLANTA: Alimentos Polar Comercial, C.A. Salsas y Untables
A7: DIRECCIÓN: Avenida Luis Ernesto Branger, Zona Industrial Norte II, Parroquia Rafael Urdaneta, Valencia, Edo. Carabobo,
A8: Venezuela. Código postal 2001.
A11: FECHA: | B11: 46083 | C11: Nombre y Apellido | E11: Osman A | F11: Eliezer D | G11: Observaciones
A12: Area | B12: Variable de control | D12: Rango Operación | E12: 1er Turno | F12: 2do Turno
E13: 0.29166667 | F13: 0.79166667
A14: Alimentación Calderas | B14: Hierro Total | C14: Semanal | D14: ≤ 0,1 mg/l
B15: Temperatura | C15: Diaria | D15: ≥ 104 °C | E15: 91.4 | F15: 93.1
B16: Dureza Total en CaCO3 | C16: Diaria | D16: ≤ 0,3 mg/l
B17: Conductividad | C17: Semanal | D17: − | E17: 673
B18: pH | C18: Diaria | D18: 8,5 - 10,0 | E18: 7.96 | F18: 7.63
B19: Sílice en SiO2 | C19: Semanal | D19: −
B20: Alcalinidad +M en CaCO3 | C20: Semanal | D20: −
B21: Alcalinidad OH¯ en CaCO3 | C21: Semanal | D21: −
A23: Caldera N°1 | B23: Alcalinidad +M en CaCO3 | C23: Semanal | D23: ≤ 700 mg/l | E23: 872
B24: Alcalinidad OH¯ en CaCO3 | C24: Semanal | D24: ≥ 40 mg/l | E24: 488
B25: Conductividad | C25: Diaria | D25: 1.100 - 1.500 uS/cm | E25: 3000 | F25: 2432
B26: pH | C26: Diaria | D26: 10,5 - 11,9 | E26: 11.74 | F26: 11.71
B27: Sílice en SiO2 | C27: Semanal | D27: ≤ 150 mg/l
B28: Dureza Total en CaCO3 | C28: Semanal | D28: ˂ 3 mg/l
B29: Hierro Total | C29: Mensual | D29: ˂ 1 mg/l
B30: Sulfito | C30: Diaria | D30: 30 - 60 mg/l | E30: 70 | F30: 55
B31: Fosfato | C31: Diaria | D31: 30 - 60 mg/l | E31: 30 | F31: 35
B32: TDS | C32: Diaria | D32: − | E32: 2182 | F32: 2310
A34: Caldera N°2 | B34: Alcalinidad +M en CaCO3 | C34: Semanal | D34: ≤ 700 mg/l | E34: 700
B35: Alcalinidad OH¯ en CaCO3 | C35: Semanal | D35: ≥ 40 mg/l | E35: 356
B36: Conductividad | C36: Diaria | D36: 1.100 - 1.500 uS/cm | E36: 2416 | F36: 2523
B37: pH | C37: Diaria | D37: 10,5 - 11,9 | E37: 11.68 | F37: 11.61
B38: Sílice en SiO2 | C38: Semanal | D38: ≤ 150 mg/l
B39: Dureza Total en CaCO3 | C39: Semanal | D39: ˂ 3 mg/l
B40: Hierro Total | C40: Mensual | D40: ˂ 1 mg/l
B41: Sulfito | C41: Diaria | D41: 30 - 60 mg/l | E41: 39 | F41: 42
B42: Fosfato | C42: Diaria | D42: 30 - 60 mg/l | E42: 30 | F42: 32.5
B43: TDS | C43: Diaria | D43: − | E43: 1760 | F43: 1832
A45: Caldera N°3 | B45: Alcalinidad +M en CaCO3 | C45: Semanal | D45: ≤ 700 mg/l | E45: 440
B46: Alcalinidad OH¯ en CaCO3 | C46: Semanal | D46: ≥ 40 mg/l | E46: 216
B47: Conductividad | C47: Diaria | D47: 1.100 - 1.500 uS/cm | E47: 1561
B48: pH | C48: Diaria | D48: 10,5 - 11,9 | E48: 11.29
B49: Sílice en SiO2 | C49: Semanal | D49: ≤ 150 mg/l
B50: Dureza Total en CaCO3 | C50: Semanal | D50: ˂ 3 mg/l
B51: Hierro Total | C51: Mensual | D51: ˂ 1 mg/l
B52: Sulfito | C52: Diaria | D52: 30 - 60 mg/l | E52: 30
B53: Fosfato | C53: Diaria | D53: 30 - 60 mg/l | E53: 27.5
B54: TDS | C54: Diaria | D54: − | E54: 1080
A56: Caldera N°4 | B56: Alcalinidad +M en CaCO3 | C56: Semanal | D56: ≤ 700 mg/l
B57: Alcalinidad OH¯ en CaCO3 | C57: Semanal | D57: ≥ 40 mg/l
B58: Conductividad | C58: Diaria | D58: 1.100 - 1.500 uS/cm | F58: 2342
B59: pH | C59: Diaria | D59: 10,5 - 11,9 | F59: 11.51
B60: Sílice en SiO2 | C60: Semanal | D60: ≤ 150 mg/l
B61: Dureza Total en CaCO3 | C61: Semanal | D61: ˂ 3 mg/l
B62: Hierro Total | C62: Mensual | D62: ˂ 1 mg/l
B63: Sulfito | C63: Diaria | D63: 30 - 60 mg/l | F63: 42
B64: Fosfato | C64: Diaria | D64: 30 - 60 mg/l | F64: 35
B65: TDS | C65: Diaria | D65: − | F65: 1731
A67: Caldera N°5 | B67: Alcalinidad +M en CaCO3 | C67: Semanal | D67: ≤ 700 mg/l | E67: 992
B68: Alcalinidad OH¯ en CaCO3 | C68: Semanal | D68: ≥ 40 mg/l | E68: 448
B69: Conductividad | C69: Diaria | D69: 1.100 - 1.500 uS/cm | E69: 2180 | F69: 2226
B70: pH | C70: Diaria | D70: 10,5 - 11,9 | E70: 11.58 | F70: 11.62
B71: Sílice en SiO2 | C71: Semanal | D71: ≤ 150 mg/l
B72: Dureza Total en CaCO3 | C72: Semanal | D72: ˂ 3 mg/l
B73: Hierro Total | C73: Mensual | D73: ˂ 1 mg/l
B74: Sulfito | C74: Diaria | D74: 30 - 60 mg/l | E74: 84 | F74: 65
B75: Fosfato | C75: Diaria | D75: 30 - 60 mg/l | E75: 40 | F75: 42.5
B76: TDS | C76: Diaria | D76: − | E76: 2332 | F76: 2421

Sheet  03-03-26
C2: VARIABLE DE CONTROL SISTEMA DE GENERACIÓN DE VAPOR " PLANTA SALSAS Y UNTABLES" | H2: Codigo: FOXXX-0704-MAN
H3: Fecha actualización: XX/XX/XXXX
H4: Versión: X
A6: NOMBRE DE LA PLANTA: Alimentos Polar Comercial, C.A. Salsas y Untables
A7: DIRECCIÓN: Avenida Luis Ernesto Branger, Zona Industrial Norte II, Parroquia Rafael Urdaneta, Valencia, Edo. Carabobo,
A8: Venezuela. Código postal 2001.
A11: FECHA: | B11: 46084 | C11: Nombre y Apellido | E11: Osman A | F11: Eliezer D | G11: Observaciones
A12: Area | B12: Variable de control | D12: Rango Operación | E12: 1er Turno | F12: 2do Turno
E13: 0.29166667 | F13: 0.79166667
A14: Alimentación Calderas | B14: Hierro Total | C14: Semanal | D14: ≤ 0,1 mg/l | E14: 0.39
B15: Temperatura | C15: Diaria | D15: ≥ 104 °C | E15: 92.2 | F15: 91.2
B16: Dureza Total en CaCO3 | C16: Diaria | D16: ≤ 0,3 mg/l | E16: 2.54
B17: Conductividad | C17: Semanal | D17: − | E17: 598
B18: pH | C18: Diaria | D18: 8,5 - 10,0 | E18: 7.68 | F18: 7.62
B19: Sílice en SiO2 | C19: Semanal | D19: − | E19: 37
B20: Alcalinidad +M en CaCO3 | C20: Semanal | D20: − | E20: 268
B21: Alcalinidad OH¯ en CaCO3 | C21: Semanal | D21: −
A23: Caldera N°1 | B23: Alcalinidad +M en CaCO3 | C23: Semanal | D23: ≤ 700 mg/l | E23: 816
B24: Alcalinidad OH¯ en CaCO3 | C24: Semanal | D24: ≥ 40 mg/l | E24: 440
B25: Conductividad | C25: Diaria | D25: 1.100 - 1.500 uS/cm | E25: 2560 | F25: 3812
B26: pH | C26: Diaria | D26: 10,5 - 11,9 | E26: 10.66 | F26: 11.89
B27: Sílice en SiO2 | C27: Semanal | D27: ≤ 150 mg/l | E27: 92.5
B28: Dureza Total en CaCO3 | C28: Semanal | D28: ˂ 3 mg/l | E28: 2.71
B29: Hierro Total | C29: Mensual | D29: ˂ 1 mg/l | E29: 0.2
B30: Sulfito | C30: Diaria | D30: 30 - 60 mg/l | E30: 51 | F30: 58
B31: Fosfato | C31: Diaria | D31: 30 - 60 mg/l | E31: 37.5 | F31: 45
B32: TDS | C32: Diaria | D32: − | F32: 2888
A34: Caldera N°2 | B34: Alcalinidad +M en CaCO3 | C34: Semanal | D34: ≤ 700 mg/l | E34: 880
B35: Alcalinidad OH¯ en CaCO3 | C35: Semanal | D35: ≥ 40 mg/l | E35: 592
B36: Conductividad | C36: Diaria | D36: 1.100 - 1.500 uS/cm | E36: 2700 | F36: 3459
B37: pH | C37: Diaria | D37: 10,5 - 11,9 | E37: 10.89 | F37: 11.9
B38: Sílice en SiO2 | C38: Semanal | D38: ≤ 150 mg/l | E38: 115
B39: Dureza Total en CaCO3 | C39: Semanal | D39: ˂ 3 mg/l | E39: 1.06
B40: Hierro Total | C40: Mensual | D40: ˂ 1 mg/l | E40: 0.71
B41: Sulfito | C41: Diaria | D41: 30 - 60 mg/l | E41: 49 | F41: 46
B42: Fosfato | C42: Diaria | D42: 30 - 60 mg/l | E42: 42.5 | F42: 45
B43: TDS | C43: Diaria | D43: − | F43: 2556
A45: Caldera N°3 | B45: Alcalinidad +M en CaCO3 | C45: Semanal | D45: ≤ 700 mg/l | E45: 688
B46: Alcalinidad OH¯ en CaCO3 | C46: Semanal | D46: ≥ 40 mg/l | E46: 360
B47: Conductividad | C47: Diaria | D47: 1.100 - 1.500 uS/cm | E47: 1866 | F47: 2274
B48: pH | C48: Diaria | D48: 10,5 - 11,9 | E48: 10.96 | F48: 11.71
B49: Sílice en SiO2 | C49: Semanal | D49: ≤ 150 mg/l | E49: 95
B50: Dureza Total en CaCO3 | C50: Semanal | D50: ˂ 3 mg/l | E50: 1.13
B51: Hierro Total | C51: Mensual | D51: ˂ 1 mg/l | E51: 0.44
B52: Sulfito | C52: Diaria | D52: 30 - 60 mg/l | E52: 35 | F52: 34
B53: Fosfato | C53: Diaria | D53: 30 - 60 mg/l | E53: 35 | F53: 32.5
B54: TDS | C54: Diaria | D54: − | F54: 1633
A56: Caldera N°4 | B56: Alcalinidad +M en CaCO3 | C56: Semanal | D56: ≤ 700 mg/l
B57: Alcalinidad OH¯ en CaCO3 | C57: Semanal | D57: ≥ 40 mg/l
B58: Conductividad | C58: Diaria | D58: 1.100 - 1.500 uS/cm
B59: pH | C59: Diaria | D59: 10,5 - 11,9
B60: Sílice en SiO2 | C60: Semanal | D60: ≤ 150 mg/l
B61: Dureza Total en CaCO3 | C61: Semanal | D61: ˂ 3 mg/l
B62: Hierro Total | C62: Mensual | D62: ˂ 1 mg/l
B63: Sulfito | C63: Diaria | D63: 30 - 60 mg/l
B64: Fosfato | C64: Diaria | D64: 30 - 60 mg/l
B65: TDS | C65: Diaria | D65: −
A67: Caldera N°5 | B67: Alcalinidad +M en CaCO3 | C67: Semanal | D67: ≤ 700 mg/l | E67: 1000
B68: Alcalinidad OH¯ en CaCO3 | C68: Semanal | D68: ≥ 40 mg/l | E68: 600
B69: Conductividad | C69: Diaria | D69: 1.100 - 1.500 uS/cm | E69: 3130 | F69: 2164
B70: pH | C70: Diaria | D70: 10,5 - 11,9 | E70: 11.09 | F70: 11.67
B71: Sílice en SiO2 | C71: Semanal | D71: ≤ 150 mg/l | E71: 122
B72: Dureza Total en CaCO3 | C72: Semanal | D72: ˂ 3 mg/l | E72: 1.58
B73: Hierro Total | C73: Mensual | D73: ˂ 1 mg/l | E73: 0.46
B74: Sulfito | C74: Diaria | D74: 30 - 60 mg/l | E74: 69 | F74: 65
B75: Fosfato | C75: Diaria | D75: 30 - 60 mg/l | E75: 42.5 | F75: 50
B76: TDS | C76: Diaria | D76: − | F76: 1548

Sheet  04-03-26
C2: VARIABLE DE CONTROL SISTEMA DE GENERACIÓN DE VAPOR " PLANTA SALSAS Y UNTABLES" | H2: Codigo: FOXXX-0704-MAN
H3: Fecha actualización: XX/XX/XXXX
H4: Versión: X
A6: NOMBRE DE LA PLANTA: Alimentos Polar Comercial, C.A. Salsas y Untables
A7: DIRECCIÓN: Avenida Luis Ernesto Branger, Zona Industrial Norte II, Parroquia Rafael Urdaneta, Valencia, Edo. Carabobo,
A8: Venezuela. Código postal 2001.
A11: FECHA: | B11: 46085 | C11: Nombre y Apellido | E11: Arturo C | F11: Osman A | G11: Observaciones
A12: Area | B12: Variable de control | D12: Rango Operación | E12: 1er Turno | F12: 2do Turno
E13: 0.29166667 | F13: 0.79166667
A14: Alimentación Calderas | B14: Hierro Total | C14: Semanal | D14: ≤ 0,1 mg/l
B15: Temperatura | C15: Diaria | D15: ≥ 104 °C | E15: 91.6 | F15: 92.4
B16: Dureza Total en CaCO3 | C16: Diaria | D16: ≤ 0,3 mg/l
B17: Conductividad | C17: Semanal | D17: − | E17: 617 | F17: 632
B18: pH | C18: Diaria | D18: 8,5 - 10,0 | E18: 7.71 | F18: 7.84
B19: Sílice en SiO2 | C19: Semanal | D19: −
B20: Alcalinidad +M en CaCO3 | C20: Semanal | D20: −
B21: Alcalinidad OH¯ en CaCO3 | C21: Semanal | D21: −
A23: Caldera N°1 | B23: Alcalinidad +M en CaCO3 | C23: Semanal | D23: ≤ 700 mg/l
B24: Alcalinidad OH¯ en CaCO3 | C24: Semanal | D24: ≥ 40 mg/l
B25: Conductividad | C25: Diaria | D25: 1.100 - 1.500 uS/cm | E25: 3291 | F25: 3640
B26: pH | C26: Diaria | D26: 10,5 - 11,9 | E26: 11.93 | F26: 11.82
B27: Sílice en SiO2 | C27: Semanal | D27: ≤ 150 mg/l
B28: Dureza Total en CaCO3 | C28: Semanal | D28: ˂ 3 mg/l
B29: Hierro Total | C29: Mensual | D29: ˂ 1 mg/l
B30: Sulfito | C30: Diaria | D30: 30 - 60 mg/l | E30: 95 | F30: 64
B31: Fosfato | C31: Diaria | D31: 30 - 60 mg/l | E31: 60 | F31: 50
B32: TDS | C32: Diaria | D32: − | E32: 2922 | F32: 2715
A34: Caldera N°2 | B34: Alcalinidad +M en CaCO3 | C34: Semanal | D34: ≤ 700 mg/l
B35: Alcalinidad OH¯ en CaCO3 | C35: Semanal | D35: ≥ 40 mg/l
B36: Conductividad | C36: Diaria | D36: 1.100 - 1.500 uS/cm | E36: 3537 | F36: 3552
B37: pH | C37: Diaria | D37: 10,5 - 11,9 | E37: 11.84 | F37: 11.79
B38: Sílice en SiO2 | C38: Semanal | D38: ≤ 150 mg/l
B39: Dureza Total en CaCO3 | C39: Semanal | D39: ˂ 3 mg/l
B40: Hierro Total | C40: Mensual | D40: ˂ 1 mg/l
B41: Sulfito | C41: Diaria | D41: 30 - 60 mg/l | E41: 56 | F41: 47
B42: Fosfato | C42: Diaria | D42: 30 - 60 mg/l | E42: 40 | F42: 57.5
B43: TDS | C43: Diaria | D43: − | E43: 2605 | F43: 2470
A45: Caldera N°3 | B45: Alcalinidad +M en CaCO3 | C45: Semanal | D45: ≤ 700 mg/l
B46: Alcalinidad OH¯ en CaCO3 | C46: Semanal | D46: ≥ 40 mg/l
B47: Conductividad | C47: Diaria | D47: 1.100 - 1.500 uS/cm | E47: 1994 | F47: 1460
B48: pH | C48: Diaria | D48: 10,5 - 11,9 | F48: 11.2
B49: Sílice en SiO2 | C49: Semanal | D49: ≤ 150 mg/l
B50: Dureza Total en CaCO3 | C50: Semanal | D50: ˂ 3 mg/l
B51: Hierro Total | C51: Mensual | D51: ˂ 1 mg/l
B52: Sulfito | C52: Diaria | D52: 30 - 60 mg/l | E52: 37 | F52: 30
B53: Fosfato | C53: Diaria | D53: 30 - 60 mg/l | E53: 22.5 | F53: 25
B54: TDS | C54: Diaria | D54: − | E54: 2605 | F54: 1100
A56: Caldera N°4 | B56: Alcalinidad +M en CaCO3 | C56: Semanal | D56: ≤ 700 mg/l
B57: Alcalinidad OH¯ en CaCO3 | C57: Semanal | D57: ≥ 40 mg/l
B58: Conductividad | C58: Diaria | D58: 1.100 - 1.500 uS/cm
B59: pH | C59: Diaria | D59: 10,5 - 11,9
B60: Sílice en SiO2 | C60: Semanal | D60: ≤ 150 mg/l
B61: Dureza Total en CaCO3 | C61: Semanal | D61: ˂ 3 mg/l
B62: Hierro Total | C62: Mensual | D62: ˂ 1 mg/l
B63: Sulfito | C63: Diaria | D63: 30 - 60 mg/l
B64: Fosfato | C64: Diaria | D64: 30 - 60 mg/l
B65: TDS | C65: Diaria | D65: −
A67: Caldera N°5 | B67: Alcalinidad +M en CaCO3 | C67: Semanal | D67: ≤ 700 mg/l
B68: Alcalinidad OH¯ en CaCO3 | C68: Semanal | D68: ≥ 40 mg/l
B69: Conductividad | C69: Diaria | D69: 1.100 - 1.500 uS/cm | E69: 3309 | F69: 3032
B70: pH | C70: Diaria | D70: 10,5 - 11,9 | E70: 11.83 | F70: 11.75
B71: Sílice en SiO2 | C71: Semanal | D71: ≤ 150 mg/l
B72: Dureza Total en CaCO3 | C72: Semanal | D72: ˂ 3 mg/l
B73: Hierro Total | C73: Mensual | D73: ˂ 1 mg/l
B74: Sulfito | C74: Diaria | D74: 30 - 60 mg/l | E74: 74 | F74: 60
B75: Fosfato | C75: Diaria | D75: 30 - 60 mg/l | E75: 52.5 | F75: 52.5
B76: TDS | C76: Diaria | D76: − | E76: 2432 | F76: 2219

Sheet  05-03-26
C2: VARIABLE DE CONTROL SISTEMA DE GENERACIÓN DE VAPOR " PLANTA SALSAS Y UNTABLES" | H2: Codigo: FOXXX-0704-MAN
H3: Fecha actualización: XX/XX/XXXX
H4: Versión: X
A6: NOMBRE DE LA PLANTA: Alimentos Polar Comercial, C.A. Salsas y Untables
A7: DIRECCIÓN: Avenida Luis Ernesto Branger, Zona Industrial Norte II, Parroquia Rafael Urdaneta, Valencia, Edo. Carabobo,
A8: Venezuela. Código postal 2001.
A11: FECHA: | B11: 46086 | C11: Nombre y Apellido | E11: Arturo C | F11: Osman A | G11: Observaciones
A12: Area | B12: Variable de control | D12: Rango Operación | E12: 1er Turno | F12: 2do Turno
E13: 0.29166667 | F13: 0.79166667
A14: Alimentación Calderas | B14: Hierro Total | C14: Semanal | D14: ≤ 0,1 mg/l
B15: Temperatura | C15: Diaria | D15: ≥ 104 °C | E15: 93.8 | F15: 93.2
B16: Dureza Total en CaCO3 | C16: Diaria | D16: ≤ 0,3 mg/l
B17: Conductividad | C17: Semanal | D17: − | E17: 598 | F17: 610
B18: pH | C18: Diaria | D18: 8,5 - 10,0 | E18: 7.98 | F18: 7.84
B19: Sílice en SiO2 | C19: Semanal | D19: −
B20: Alcalinidad +M en CaCO3 | C20: Semanal | D20: −
B21: Alcalinidad OH¯ en CaCO3 | C21: Semanal | D21: −
A23: Caldera N°1 | B23: Alcalinidad +M en CaCO3 | C23: Semanal | D23: ≤ 700 mg/l
B24: Alcalinidad OH¯ en CaCO3 | C24: Semanal | D24: ≥ 40 mg/l
B25: Conductividad | C25: Diaria | D25: 1.100 - 1.500 uS/cm | E25: 3925 | F25: 3374
B26: pH | C26: Diaria | D26: 10,5 - 11,9 | E26: 11.93 | F26: 11.67
B27: Sílice en SiO2 | C27: Semanal | D27: ≤ 150 mg/l
B28: Dureza Total en CaCO3 | C28: Semanal | D28: ˂ 3 mg/l
B29: Hierro Total | C29: Mensual | D29: ˂ 1 mg/l
B30: Sulfito | C30: Diaria | D30: 30 - 60 mg/l | E30: 74 | F30: 70
B31: Fosfato | C31: Diaria | D31: 30 - 60 mg/l | E31: 50 | F31: 52.5
B32: TDS | C32: Diaria | D32: − | E32: 2912 | F32: 2475
A34: Caldera N°2 | B34: Alcalinidad +M en CaCO3 | C34: Semanal | D34: ≤ 700 mg/l
B35: Alcalinidad OH¯ en CaCO3 | C35: Semanal | D35: ≥ 40 mg/l
B36: Conductividad | C36: Diaria | D36: 1.100 - 1.500 uS/cm | E36: 3498 | F36: 3170
B37: pH | C37: Diaria | D37: 10,5 - 11,9 | E37: 11.9 | F37: 11.8
B38: Sílice en SiO2 | C38: Semanal | D38: ≤ 150 mg/l
B39: Dureza Total en CaCO3 | C39: Semanal | D39: ˂ 3 mg/l
B40: Hierro Total | C40: Mensual | D40: ˂ 1 mg/l
B41: Sulfito | C41: Diaria | D41: 30 - 60 mg/l | E41: 48 | F41: 52
B42: Fosfato | C42: Diaria | D42: 30 - 60 mg/l | E42: 45 | F42: 60
B43: TDS | C43: Diaria | D43: − | E43: 2586 | F43: 2309
A45: Caldera N°3 | B45: Alcalinidad +M en CaCO3 | C45: Semanal | D45: ≤ 700 mg/l
B46: Alcalinidad OH¯ en CaCO3 | C46: Semanal | D46: ≥ 40 mg/l
B47: Conductividad | C47: Diaria | D47: 1.100 - 1.500 uS/cm | E47: 1583 | F47: 1956
B48: pH | C48: Diaria | D48: 10,5 - 11,9 | E48: 11.35 | F48: 11.45
B49: Sílice en SiO2 | C49: Semanal | D49: ≤ 150 mg/l
B50: Dureza Total en CaCO3 | C50: Semanal | D50: ˂ 3 mg/l
B51: Hierro Total | C51: Mensual | D51: ˂ 1 mg/l
B52: Sulfito | C52: Diaria | D52: 30 - 60 mg/l | E52: 23 | F52: 38
B53: Fosfato | C53: Diaria | D53: 30 - 60 mg/l | E53: 25 | F53: 30
B54: TDS | C54: Diaria | D54: − | E54: 1108 | F54: 1385
A56: Caldera N°4 | B56: Alcalinidad +M en CaCO3 | C56: Semanal | D56: ≤ 700 mg/l
B57: Alcalinidad OH¯ en CaCO3 | C57: Semanal | D57: ≥ 40 mg/l
B58: Conductividad | C58: Diaria | D58: 1.100 - 1.500 uS/cm
B59: pH | C59: Diaria | D59: 10,5 - 11,9
B60: Sílice en SiO2 | C60: Semanal | D60: ≤ 150 mg/l
B61: Dureza Total en CaCO3 | C61: Semanal | D61: ˂ 3 mg/l
B62: Hierro Total | C62: Mensual | D62: ˂ 1 mg/l
B63: Sulfito | C63: Diaria | D63: 30 - 60 mg/l
B64: Fosfato | C64: Diaria | D64: 30 - 60 mg/l
B65: TDS | C65: Diaria | D65: −
A67: Caldera N°5 | B67: Alcalinidad +M en CaCO3 | C67: Semanal | D67: ≤ 700 mg/l
B68: Alcalinidad OH¯ en CaCO3 | C68: Semanal | D68: ≥ 40 mg/l
B69: Conductividad | C69: Diaria | D69: 1.100 - 1.500 uS/cm | E69: 3751 | F69: 3660
B70: pH | C70: Diaria | D70: 10,5 - 11,9 | E70: 11.93 | F70: 11.85
B71: Sílice en SiO2 | C71: Semanal | D71: ≤ 150 mg/l
B72: Dureza Total en CaCO3 | C72: Semanal | D72: ˂ 3 mg/l
B73: Hierro Total | C73: Mensual | D73: ˂ 1 mg/l
B74: Sulfito | C74: Diaria | D74: 30 - 60 mg/l | E74: 87 | F74: 64
B75: Fosfato | C75: Diaria | D75: 30 - 60 mg/l | E75: 82.5 | F75: 47.5
B76: TDS | C76: Diaria | D76: − | E76: 2788 | F76: 2700

Sheet  06-03-26
C2: VARIABLE DE CONTROL SISTEMA DE GENERACIÓN DE VAPOR " PLANTA SALSAS Y UNTABLES" | H2: Codigo: FOXXX-0704-MAN
H3: Fecha actualización: XX/XX/XXXX
H4: Versión: X
A6: NOMBRE DE LA PLANTA: Alimentos Polar Comercial, C.A. Salsas y Untables
A7: DIRECCIÓN: Avenida Luis Ernesto Branger, Zona Industrial Norte II, Parroquia Rafael Urdaneta, Valencia, Edo. Carabobo,
A8: Venezuela. Código postal 2001.
A11: FECHA: | B11: 46087 | C11: Nombre y Apellido | E11: Angel M | F11: Arturo C | G11: Observaciones
A12: Area | B12: Variable de control | D12: Rango Operación | E12: 1er Turno | F12: 2do Turno
E13: 0.29166667 | F13: 0.79166667
A14: Alimentación Calderas | B14: Hierro Total | C14: Semanal | D14: ≤ 0,1 mg/l
B15: Temperatura | C15: Diaria | D15: ≥ 104 °C | E15: 93.4 | F15: 92.2
B16: Dureza Total en CaCO3 | C16: Diaria | D16: ≤ 0,3 mg/l
B17: Conductividad | C17: Semanal | D17: − | E17: 560 | F17: 603
B18: pH | C18: Diaria | D18: 8,5 - 10,0 | E18: 7.6 | F18: 8.03
B19: Sílice en SiO2 | C19: Semanal | D19: −
B20: Alcalinidad +M en CaCO3 | C20: Semanal | D20: −
B21: Alcalinidad OH¯ en CaCO3 | C21: Semanal | D21: −
A23: Caldera N°1 | B23: Alcalinidad +M en CaCO3 | C23: Semanal | D23: ≤ 700 mg/l
B24: Alcalinidad OH¯ en CaCO3 | C24: Semanal | D24: ≥ 40 mg/l
B25: Conductividad | C25: Diaria | D25: 1.100 - 1.500 uS/cm | E25: 3295 | F25: 3670
B26: pH | C26: Diaria | D26: 10,5 - 11,9 | E26: 11.7 | F26: 12.02
B27: Sílice en SiO2 | C27: Semanal | D27: ≤ 150 mg/l
B28: Dureza Total en CaCO3 | C28: Semanal | D28: ˂ 3 mg/l
B29: Hierro Total | C29: Mensual | D29: ˂ 1 mg/l
B30: Sulfito | C30: Diaria | D30: 30 - 60 mg/l | E30: 60 | F30: 42
B31: Fosfato | C31: Diaria | D31: 30 - 60 mg/l | E31: 52.5 | F31: 35
B32: TDS | C32: Diaria | D32: − | E32: 2159 | F32: 2509
A34: Caldera N°2 | B34: Alcalinidad +M en CaCO3 | C34: Semanal | D34: ≤ 700 mg/l
B35: Alcalinidad OH¯ en CaCO3 | C35: Semanal | D35: ≥ 40 mg/l
B36: Conductividad | C36: Diaria | D36: 1.100 - 1.500 uS/cm | E36: 2966 | F36: 3399
B37: pH | C37: Diaria | D37: 10,5 - 11,9 | E37: 11.75 | F37: 12
B38: Sílice en SiO2 | C38: Semanal | D38: ≤ 150 mg/l
B39: Dureza Total en CaCO3 | C39: Semanal | D39: ˂ 3 mg/l
B40: Hierro Total | C40: Mensual | D40: ˂ 1 mg/l
B41: Sulfito | C41: Diaria | D41: 30 - 60 mg/l | E41: 60 | F41: 42
B42: Fosfato | C42: Diaria | D42: 30 - 60 mg/l | E42: 52.5 | F42: 32.5
B43: TDS | C43: Diaria | D43: − | E43: 2159 | F43: 1977
A45: Caldera N°3 | B45: Alcalinidad +M en CaCO3 | C45: Semanal | D45: ≤ 700 mg/l
B46: Alcalinidad OH¯ en CaCO3 | C46: Semanal | D46: ≥ 40 mg/l
B47: Conductividad | C47: Diaria | D47: 1.100 - 1.500 uS/cm | E47: 2491 | F47: 2705
B48: pH | C48: Diaria | D48: 10,5 - 11,9 | E48: 11.75 | F48: 11.87
B49: Sílice en SiO2 | C49: Semanal | D49: ≤ 150 mg/l
B50: Dureza Total en CaCO3 | C50: Semanal | D50: ˂ 3 mg/l
B51: Hierro Total | C51: Mensual | D51: ˂ 1 mg/l
B52: Sulfito | C52: Diaria | D52: 30 - 60 mg/l | E52: 52 | F52: 38
B53: Fosfato | C53: Diaria | D53: 30 - 60 mg/l | E53: 42.5 | F53: 32.5
B54: TDS | C54: Diaria | D54: − | E54: 17 | F54: 1977
A56: Caldera N°4 | B56: Alcalinidad +M en CaCO3 | C56: Semanal | D56: ≤ 700 mg/l
B57: Alcalinidad OH¯ en CaCO3 | C57: Semanal | D57: ≥ 40 mg/l
B58: Conductividad | C58: Diaria | D58: 1.100 - 1.500 uS/cm
B59: pH | C59: Diaria | D59: 10,5 - 11,9
B60: Sílice en SiO2 | C60: Semanal | D60: ≤ 150 mg/l
B61: Dureza Total en CaCO3 | C61: Semanal | D61: ˂ 3 mg/l
B62: Hierro Total | C62: Mensual | D62: ˂ 1 mg/l
B63: Sulfito | C63: Diaria | D63: 30 - 60 mg/l
B64: Fosfato | C64: Diaria | D64: 30 - 60 mg/l
B65: TDS | C65: Diaria | D65: −
A67: Caldera N°5 | B67: Alcalinidad +M en CaCO3 | C67: Semanal | D67: ≤ 700 mg/l
B68: Alcalinidad OH¯ en CaCO3 | C68: Semanal | D68: ≥ 40 mg/l
B69: Conductividad | C69: Diaria | D69: 1.100 - 1.500 uS/cm | E69: 3780 | F69: 3514
B70: pH | C70: Diaria | D70: 10,5 - 11,9 | E70: 11.79 | F70: 12
B71: Sílice en SiO2 | C71: Semanal | D71: ≤ 150 mg/l
B72: Dureza Total en CaCO3 | C72: Semanal | D72: ˂ 3 mg/l
B73: Hierro Total | C73: Mensual | D73: ˂ 1 mg/l
B74: Sulfito | C74: Diaria | D74: 30 - 60 mg/l | E74: 97 | F74: 86
B75: Fosfato | C75: Diaria | D75: 30 - 60 mg/l | E75: 75 | F75: 60
B76: TDS | C76: Diaria | D76: − | E76: 2808 | F76: 2606

Sheet  07-03-26
C2: VARIABLE DE CONTROL SISTEMA DE GENERACIÓN DE VAPOR " PLANTA SALSAS Y UNTABLES" | H2: Codigo: FOXXX-0704-MAN
H3: Fecha actualización: XX/XX/XXXX
H4: Versión: X
A6: NOMBRE DE LA PLANTA: Alimentos Polar Comercial, C.A. Salsas y Untables
A7: DIRECCIÓN: Avenida Luis Ernesto Branger, Zona Industrial Norte II, Parroquia Rafael Urdaneta, Valencia, Edo. Carabobo,
A8: Venezuela. Código postal 2001.
A11: FECHA: | B11: 46088 | C11: Nombre y Apellido | E11: Angel M | F11: Arturo C | G11: Observaciones
A12: Area | B12: Variable de control | D12: Rango Operación | E12: 1er Turno | F12: 2do Turno
E13: 0.29166667 | F13: 0.79166667
A14: Alimentación Calderas | B14: Hierro Total | C14: Semanal | D14: ≤ 0,1 mg/l
B15: Temperatura | C15: Diaria | D15: ≥ 104 °C | E15: 92.4 | F15: 91.2
B16: Dureza Total en CaCO3 | C16: Diaria | D16: ≤ 0,3 mg/l
B17: Conductividad | C17: Semanal | D17: − | F17: 592
B18: pH | C18: Diaria | D18: 8,5 - 10,0 | E18: 7.42 | F18: 7.94
B19: Sílice en SiO2 | C19: Semanal | D19: −
B20: Alcalinidad +M en CaCO3 | C20: Semanal | D20: −
B21: Alcalinidad OH¯ en CaCO3 | C21: Semanal | D21: −
A23: Caldera N°1 | B23: Alcalinidad +M en CaCO3 | C23: Semanal | D23: ≤ 700 mg/l
B24: Alcalinidad OH¯ en CaCO3 | C24: Semanal | D24: ≥ 40 mg/l
B25: Conductividad | C25: Diaria | D25: 1.100 - 1.500 uS/cm | E25: 3675 | F25: 3737
B26: pH | C26: Diaria | D26: 10,5 - 11,9 | E26: 11.5 | F26: 11.85
B27: Sílice en SiO2 | C27: Semanal | D27: ≤ 150 mg/l
B28: Dureza Total en CaCO3 | C28: Semanal | D28: ˂ 3 mg/l
B29: Hierro Total | C29: Mensual | D29: ˂ 1 mg/l
B30: Sulfito | C30: Diaria | D30: 30 - 60 mg/l | E30: 97 | F30: 46
B31: Fosfato | C31: Diaria | D31: 30 - 60 mg/l | E31: 82.5
B32: TDS | C32: Diaria | D32: − | E32: 2420 | F32: 2568
A34: Caldera N°2 | B34: Alcalinidad +M en CaCO3 | C34: Semanal | D34: ≤ 700 mg/l
B35: Alcalinidad OH¯ en CaCO3 | C35: Semanal | D35: ≥ 40 mg/l
B36: Conductividad | C36: Diaria | D36: 1.100 - 1.500 uS/cm | E36: 3303 | F36: 3488
B37: pH | C37: Diaria | D37: 10,5 - 11,9 | E37: 11.5 | F37: 11.9
B38: Sílice en SiO2 | C38: Semanal | D38: ≤ 150 mg/l
B39: Dureza Total en CaCO3 | C39: Semanal | D39: ˂ 3 mg/l
B40: Hierro Total | C40: Mensual | D40: ˂ 1 mg/l
B41: Sulfito | C41: Diaria | D41: 30 - 60 mg/l | E41: 50 | F41: 30
B42: Fosfato | C42: Diaria | D42: 30 - 60 mg/l | E42: 42.5
B43: TDS | C43: Diaria | D43: − | E43: 2216 | F43: 2568
A45: Caldera N°3 | B45: Alcalinidad +M en CaCO3 | C45: Semanal | D45: ≤ 700 mg/l
B46: Alcalinidad OH¯ en CaCO3 | C46: Semanal | D46: ≥ 40 mg/l
B47: Conductividad | C47: Diaria | D47: 1.100 - 1.500 uS/cm | E47: 3083 | F47: 2941
B48: pH | C48: Diaria | D48: 10,5 - 11,9 | E48: 11.5 | F48: 11.82
B49: Sílice en SiO2 | C49: Semanal | D49: ≤ 150 mg/l
B50: Dureza Total en CaCO3 | C50: Semanal | D50: ˂ 3 mg/l
B51: Hierro Total | C51: Mensual | D51: ˂ 1 mg/l
B52: Sulfito | C52: Diaria | D52: 30 - 60 mg/l | E52: 53 | F52: 27
B53: Fosfato | C53: Diaria | D53: 30 - 60 mg/l | E53: 60
B54: TDS | C54: Diaria | D54: −
A56: Caldera N°4 | B56: Alcalinidad +M en CaCO3 | C56: Semanal | D56: ≤ 700 mg/l
B57: Alcalinidad OH¯ en CaCO3 | C57: Semanal | D57: ≥ 40 mg/l
B58: Conductividad | C58: Diaria | D58: 1.100 - 1.500 uS/cm
B59: pH | C59: Diaria | D59: 10,5 - 11,9
B60: Sílice en SiO2 | C60: Semanal | D60: ≤ 150 mg/l
B61: Dureza Total en CaCO3 | C61: Semanal | D61: ˂ 3 mg/l
B62: Hierro Total | C62: Mensual | D62: ˂ 1 mg/l
B63: Sulfito | C63: Diaria | D63: 30 - 60 mg/l
B64: Fosfato | C64: Diaria | D64: 30 - 60 mg/l
B65: TDS | C65: Diaria | D65: −
A67: Caldera N°5 | B67: Alcalinidad +M en CaCO3 | C67: Semanal | D67: ≤ 700 mg/l
B68: Alcalinidad OH¯ en CaCO3 | C68: Semanal | D68: ≥ 40 mg/l
B69: Conductividad | C69: Diaria | D69: 1.100 - 1.500 uS/cm | E69: 3958 | F69: 3791
B70: pH | C70: Diaria | D70: 10,5 - 11,9 | E70: 11.7 | F70: 12
B71: Sílice en SiO2 | C71: Semanal | D71: ≤ 150 mg/l
B72: Dureza Total en CaCO3 | C72: Semanal | D72: ˂ 3 mg/l
B73: Hierro Total | C73: Mensual | D73: ˂ 1 mg/l
B74: Sulfito | C74: Diaria | D74: 30 - 60 mg/l | E74: 81 | F74: 60
B75: Fosfato | C75: Diaria | D75: 30 - 60 mg/l | E75: 78
B76: TDS | C76: Diaria | D76: −

Sheet  08-03-26
C2: VARIABLE DE CONTROL SISTEMA DE GENERACIÓN DE VAPOR " PLANTA SALSAS Y UNTABLES" | H2: Codigo: FOXXX-0704-MAN
H3: Fecha actualización: XX/XX/XXXX
H4: Versión: X
A6: NOMBRE DE LA PLANTA: Alimentos Polar Comercial, C.A. Salsas y Untables
A7: DIRECCIÓN: Avenida Luis Ernesto Branger, Zona Industrial Norte II, Parroquia Rafael Urdaneta, Valencia, Edo. Carabobo,
A8: Venezuela. Código postal 2001.
A11: FECHA: | B11: 46089 | C11: Nombre y Apellido | E11: Eliezer D | F11: Angel M | G11: Observaciones
A12: Area | B12: Variable de control | D12: Rango Operación | E12: 1er Turno | F12: 2do Turno
E13: 0.29166667 | F13: 0.79166667
A14: Alimentación Calderas | B14: Hierro Total | C14: Semanal | D14: ≤ 0,1 mg/l
B15: Temperatura | C15: Diaria | D15: ≥ 104 °C | E15: 93.8 | F15: 93.1
B16: Dureza Total en CaCO3 | C16: Diaria | D16: ≤ 0,3 mg/l
B17: Conductividad | C17: Semanal | D17: −
B18: pH | C18: Diaria | D18: 8,5 - 10,0 | E18: 7.62 | F18: 7.73
B19: Sílice en SiO2 | C19: Semanal | D19: −
B20: Alcalinidad +M en CaCO3 | C20: Semanal | D20: −
B21: Alcalinidad OH¯ en CaCO3 | C21: Semanal | D21: −
A23: Caldera N°1 | B23: Alcalinidad +M en CaCO3 | C23: Semanal | D23: ≤ 700 mg/l
B24: Alcalinidad OH¯ en CaCO3 | C24: Semanal | D24: ≥ 40 mg/l
B25: Conductividad | C25: Diaria | D25: 1.100 - 1.500 uS/cm | E25: 4916 | F25: 3955
B26: pH | C26: Diaria | D26: 10,5 - 11,9 | E26: 11.89 | F26: 11.45
B27: Sílice en SiO2 | C27: Semanal | D27: ≤ 150 mg/l
B28: Dureza Total en CaCO3 | C28: Semanal | D28: ˂ 3 mg/l
B29: Hierro Total | C29: Mensual | D29: ˂ 1 mg/l
B30: Sulfito | C30: Diaria | D30: 30 - 60 mg/l | E30: 55 | F30: 42
B31: Fosfato | C31: Diaria | D31: 30 - 60 mg/l
B32: TDS | C32: Diaria | D32: − | E32: 3792 | F32: 9247
A34: Caldera N°2 | B34: Alcalinidad +M en CaCO3 | C34: Semanal | D34: ≤ 700 mg/l
B35: Alcalinidad OH¯ en CaCO3 | C35: Semanal | D35: ≥ 40 mg/l
B36: Conductividad | C36: Diaria | D36: 1.100 - 1.500 uS/cm | E36: 5009 | F36: 3315
B37: pH | C37: Diaria | D37: 10,5 - 11,9 | E37: 11.9 | F37: 11.65
B38: Sílice en SiO2 | C38: Semanal | D38: ≤ 150 mg/l
B39: Dureza Total en CaCO3 | C39: Semanal | D39: ˂ 3 mg/l
B40: Hierro Total | C40: Mensual | D40: ˂ 1 mg/l
B41: Sulfito | C41: Diaria | D41: 30 - 60 mg/l | E41: 34 | F41: 40
B42: Fosfato | C42: Diaria | D42: 30 - 60 mg/l
B43: TDS | C43: Diaria | D43: − | E43: 2842 | F43: 2435
A45: Caldera N°3 | B45: Alcalinidad +M en CaCO3 | C45: Semanal | D45: ≤ 700 mg/l
B46: Alcalinidad OH¯ en CaCO3 | C46: Semanal | D46: ≥ 40 mg/l
B47: Conductividad | C47: Diaria | D47: 1.100 - 1.500 uS/cm | E47: 3828 | F47: 2469
B48: pH | C48: Diaria | D48: 10,5 - 11,9 | E48: 11.64 | F48: 11.54
B49: Sílice en SiO2 | C49: Semanal | D49: ≤ 150 mg/l
B50: Dureza Total en CaCO3 | C50: Semanal | D50: ˂ 3 mg/l
B51: Hierro Total | C51: Mensual | D51: ˂ 1 mg/l
B52: Sulfito | C52: Diaria | D52: 30 - 60 mg/l | E52: 45 | F52: 41
B53: Fosfato | C53: Diaria | D53: 30 - 60 mg/l
B54: TDS | C54: Diaria | D54: − | E54: 2851 | F54: 1779
A56: Caldera N°4 | B56: Alcalinidad +M en CaCO3 | C56: Semanal | D56: ≤ 700 mg/l
B57: Alcalinidad OH¯ en CaCO3 | C57: Semanal | D57: ≥ 40 mg/l
B58: Conductividad | C58: Diaria | D58: 1.100 - 1.500 uS/cm
B59: pH | C59: Diaria | D59: 10,5 - 11,9
B60: Sílice en SiO2 | C60: Semanal | D60: ≤ 150 mg/l
B61: Dureza Total en CaCO3 | C61: Semanal | D61: ˂ 3 mg/l
B62: Hierro Total | C62: Mensual | D62: ˂ 1 mg/l
B63: Sulfito | C63: Diaria | D63: 30 - 60 mg/l
B64: Fosfato | C64: Diaria | D64: 30 - 60 mg/l
B65: TDS | C65: Diaria | D65: −
A67: Caldera N°5 | B67: Alcalinidad +M en CaCO3 | C67: Semanal | D67: ≤ 700 mg/l
B68: Alcalinidad OH¯ en CaCO3 | C68: Semanal | D68: ≥ 40 mg/l
B69: Conductividad | C69: Diaria | D69: 1.100 - 1.500 uS/cm | E69: 4845 | F69: 3993
B70: pH | C70: Diaria | D70: 10,5 - 11,9 | E70: 11.9 | F70: 11.78
B71: Sílice en SiO2 | C71: Semanal | D71: ≤ 150 mg/l
B72: Dureza Total en CaCO3 | C72: Semanal | D72: ˂ 3 mg/l
B73: Hierro Total | C73: Mensual | D73: ˂ 1 mg/l
B74: Sulfito | C74: Diaria | D74: 30 - 60 mg/l | E74: 65 | F74: 80
B75: Fosfato | C75: Diaria | D75: 30 - 60 mg/l
B76: TDS | C76: Diaria | D76: − | E76: 3695 | F76: 2983

Sheet  09-03-26
C2: VARIABLE DE CONTROL SISTEMA DE GENERACIÓN DE VAPOR " PLANTA SALSAS Y UNTABLES" | H2: Codigo: FOXXX-0704-MAN
H3: Fecha actualización: XX/XX/XXXX
H4: Versión: X
A6: NOMBRE DE LA PLANTA: Alimentos Polar Comercial, C.A. Salsas y Untables
A7: DIRECCIÓN: Avenida Luis Ernesto Branger, Zona Industrial Norte II, Parroquia Rafael Urdaneta, Valencia, Edo. Carabobo,
A8: Venezuela. Código postal 2001.
A11: FECHA: | B11: 46090 | C11: Nombre y Apellido | E11: Eliezer D | F11: Angel M | G11: Observaciones
A12: Area | B12: Variable de control | D12: Rango Operación | E12: 1er Turno | F12: 2do Turno
E13: 0.29166667 | F13: 0.79166667
A14: Alimentación Calderas | B14: Hierro Total | C14: Semanal | D14: ≤ 0,1 mg/l
B15: Temperatura | C15: Diaria | D15: ≥ 104 °C | E15: 94.2 | F15: 94.1
B16: Dureza Total en CaCO3 | C16: Diaria | D16: ≤ 0,3 mg/l
B17: Conductividad | C17: Semanal | D17: −
B18: pH | C18: Diaria | D18: 8,5 - 10,0 | E18: 7.63 | F18: 7.67
B19: Sílice en SiO2 | C19: Semanal | D19: −
B20: Alcalinidad +M en CaCO3 | C20: Semanal | D20: −
B21: Alcalinidad OH¯ en CaCO3 | C21: Semanal | D21: −
A23: Caldera N°1 | B23: Alcalinidad +M en CaCO3 | C23: Semanal | D23: ≤ 700 mg/l
B24: Alcalinidad OH¯ en CaCO3 | C24: Semanal | D24: ≥ 40 mg/l
B25: Conductividad | C25: Diaria | D25: 1.100 - 1.500 uS/cm | E25: 3647 | F25: 3438
B26: pH | C26: Diaria | D26: 10,5 - 11,9 | E26: 11.9 | F26: 11.87
B27: Sílice en SiO2 | C27: Semanal | D27: ≤ 150 mg/l
B28: Dureza Total en CaCO3 | C28: Semanal | D28: ˂ 3 mg/l
B29: Hierro Total | C29: Mensual | D29: ˂ 1 mg/l
B30: Sulfito | C30: Diaria | D30: 30 - 60 mg/l | E30: 58 | F30: 55
B31: Fosfato | C31: Diaria | D31: 30 - 60 mg/l
B32: TDS | C32: Diaria | D32: −
A34: Caldera N°2 | B34: Alcalinidad +M en CaCO3 | C34: Semanal | D34: ≤ 700 mg/l
B35: Alcalinidad OH¯ en CaCO3 | C35: Semanal | D35: ≥ 40 mg/l
B36: Conductividad | C36: Diaria | D36: 1.100 - 1.500 uS/cm | E36: 3253 | F36: 3428
B37: pH | C37: Diaria | D37: 10,5 - 11,9 | E37: 11.89 | F37: 11.79
B38: Sílice en SiO2 | C38: Semanal | D38: ≤ 150 mg/l
B39: Dureza Total en CaCO3 | C39: Semanal | D39: ˂ 3 mg/l
B40: Hierro Total | C40: Mensual | D40: ˂ 1 mg/l
B41: Sulfito | C41: Diaria | D41: 30 - 60 mg/l | E41: 36 | F41: 32
B42: Fosfato | C42: Diaria | D42: 30 - 60 mg/l
B43: TDS | C43: Diaria | D43: − | E43: 2385 | F43: 2464
A45: Caldera N°3 | B45: Alcalinidad +M en CaCO3 | C45: Semanal | D45: ≤ 700 mg/l
B46: Alcalinidad OH¯ en CaCO3 | C46: Semanal | D46: ≥ 40 mg/l
B47: Conductividad | C47: Diaria | D47: 1.100 - 1.500 uS/cm | E47: 2129 | F47: 2226
B48: pH | C48: Diaria | D48: 10,5 - 11,9 | E48: 11.77 | F48: 11.75
B49: Sílice en SiO2 | C49: Semanal | D49: ≤ 150 mg/l
B50: Dureza Total en CaCO3 | C50: Semanal | D50: ˂ 3 mg/l
B51: Hierro Total | C51: Mensual | D51: ˂ 1 mg/l
B52: Sulfito | C52: Diaria | D52: 30 - 60 mg/l | E52: 32 | F52: 36
B53: Fosfato | C53: Diaria | D53: 30 - 60 mg/l
B54: TDS | C54: Diaria | D54: − | E54: 1518 | F54: 1780
A56: Caldera N°4 | B56: Alcalinidad +M en CaCO3 | C56: Semanal | D56: ≤ 700 mg/l
B57: Alcalinidad OH¯ en CaCO3 | C57: Semanal | D57: ≥ 40 mg/l
B58: Conductividad | C58: Diaria | D58: 1.100 - 1.500 uS/cm
B59: pH | C59: Diaria | D59: 10,5 - 11,9
B60: Sílice en SiO2 | C60: Semanal | D60: ≤ 150 mg/l
B61: Dureza Total en CaCO3 | C61: Semanal | D61: ˂ 3 mg/l
B62: Hierro Total | C62: Mensual | D62: ˂ 1 mg/l
B63: Sulfito | C63: Diaria | D63: 30 - 60 mg/l
B64: Fosfato | C64: Diaria | D64: 30 - 60 mg/l
B65: TDS | C65: Diaria | D65: −
A67: Caldera N°5 | B67: Alcalinidad +M en CaCO3 | C67: Semanal | D67: ≤ 700 mg/l
B68: Alcalinidad OH¯ en CaCO3 | C68: Semanal | D68: ≥ 40 mg/l
B69: Conductividad | C69: Diaria | D69: 1.100 - 1.500 uS/cm | E69: 3739 | F69: 3841
B70: pH | C70: Diaria | D70: 10,5 - 11,9 | E70: 11.91 | F70: 11.88
B71: Sílice en SiO2 | C71: Semanal | D71: ≤ 150 mg/l
B72: Dureza Total en CaCO3 | C72: Semanal | D72: ˂ 3 mg/l
B73: Hierro Total | C73: Mensual | D73: ˂ 1 mg/l
B74: Sulfito | C74: Diaria | D74: 30 - 60 mg/l | E74: 60 | F74: 52
B75: Fosfato | C75: Diaria | D75: 30 - 60 mg/l
B76: TDS | C76: Diaria | D76: − | E76: 2774 | F76: 2568

Sheet  10-03-26
C2: VARIABLE DE CONTROL SISTEMA DE GENERACIÓN DE VAPOR " PLANTA SALSAS Y UNTABLES" | H2: Codigo: FOXXX-0704-MAN
H3: Fecha actualización: XX/XX/XXXX
H4: Versión: X
A6: NOMBRE DE LA PLANTA: Alimentos Polar Comercial, C.A. Salsas y Untables
A7: DIRECCIÓN: Avenida Luis Ernesto Branger, Zona Industrial Norte II, Parroquia Rafael Urdaneta, Valencia, Edo. Carabobo,
A8: Venezuela. Código postal 2001.
A11: FECHA: | B11: 46091 | C11: Nombre y Apellido | E11: Osman A | F11: Eliezer D | G11: Observaciones
A12: Area | B12: Variable de control | D12: Rango Operación | E12: 1er Turno | F12: 2do Turno
E13: 0.29166667 | F13: 0.79166667
A14: Alimentación Calderas | B14: Hierro Total | C14: Semanal | D14: ≤ 0,1 mg/l
B15: Temperatura | C15: Diaria | D15: ≥ 104 °C | E15: 92.8 | F15: 92
B16: Dureza Total en CaCO3 | C16: Diaria | D16: ≤ 0,3 mg/l
B17: Conductividad | C17: Semanal | D17: − | E17: 602
B18: pH | C18: Diaria | D18: 8,5 - 10,0 | E18: 7.87 | F18: 7.69
B19: Sílice en SiO2 | C19: Semanal | D19: −
B20: Alcalinidad +M en CaCO3 | C20: Semanal | D20: − | E20: 280
B21: Alcalinidad OH¯ en CaCO3 | C21: Semanal | D21: −
A23: Caldera N°1 | B23: Alcalinidad +M en CaCO3 | C23: Semanal | D23: ≤ 700 mg/l | E23: 1064
B24: Alcalinidad OH¯ en CaCO3 | C24: Semanal | D24: ≥ 40 mg/l | E24: 584
B25: Conductividad | C25: Diaria | D25: 1.100 - 1.500 uS/cm | E25: 3536 | F25: 3589
B26: pH | C26: Diaria | D26: 10,5 - 11,9 | E26: 11.76 | F26: 11.89
B27: Sílice en SiO2 | C27: Semanal | D27: ≤ 150 mg/l
B28: Dureza Total en CaCO3 | C28: Semanal | D28: ˂ 3 mg/l
B29: Hierro Total | C29: Mensual | D29: ˂ 1 mg/l
B30: Sulfito | C30: Diaria | D30: 30 - 60 mg/l | E30: 36 | F30: 45
B31: Fosfato | C31: Diaria | D31: 30 - 60 mg/l
B32: TDS | C32: Diaria | D32: − | E32: 2609 | F32: 2683
A34: Caldera N°2 | B34: Alcalinidad +M en CaCO3 | C34: Semanal | D34: ≤ 700 mg/l | E34: 960
B35: Alcalinidad OH¯ en CaCO3 | C35: Semanal | D35: ≥ 40 mg/l | E35: 512
B36: Conductividad | C36: Diaria | D36: 1.100 - 1.500 uS/cm | E36: 3397 | F36: 3372
B37: pH | C37: Diaria | D37: 10,5 - 11,9 | E37: 11.9 | F37: 11.9
B38: Sílice en SiO2 | C38: Semanal | D38: ≤ 150 mg/l
B39: Dureza Total en CaCO3 | C39: Semanal | D39: ˂ 3 mg/l
B40: Hierro Total | C40: Mensual | D40: ˂ 1 mg/l
B41: Sulfito | C41: Diaria | D41: 30 - 60 mg/l | E41: 38 | F41: 34
B42: Fosfato | C42: Diaria | D42: 30 - 60 mg/l
B43: TDS | C43: Diaria | D43: − | E43: 2498 | F43: 2484
A45: Caldera N°3 | B45: Alcalinidad +M en CaCO3 | C45: Semanal | D45: ≤ 700 mg/l | E45: 572
B46: Alcalinidad OH¯ en CaCO3 | C46: Semanal | D46: ≥ 40 mg/l | E46: 236
B47: Conductividad | C47: Diaria | D47: 1.100 - 1.500 uS/cm | E47: 1862 | F47: 2058
B48: pH | C48: Diaria | D48: 10,5 - 11,9 | E48: 11.75 | F48: 11.49
B49: Sílice en SiO2 | C49: Semanal | D49: ≤ 150 mg/l
B50: Dureza Total en CaCO3 | C50: Semanal | D50: ˂ 3 mg/l
B51: Hierro Total | C51: Mensual | D51: ˂ 1 mg/l
B52: Sulfito | C52: Diaria | D52: 30 - 60 mg/l | E52: 30 | F52: 28
B53: Fosfato | C53: Diaria | D53: 30 - 60 mg/l
B54: TDS | C54: Diaria | D54: − | E54: 1312 | F54: 1466
A56: Caldera N°4 | B56: Alcalinidad +M en CaCO3 | C56: Semanal | D56: ≤ 700 mg/l
B57: Alcalinidad OH¯ en CaCO3 | C57: Semanal | D57: ≥ 40 mg/l
B58: Conductividad | C58: Diaria | D58: 1.100 - 1.500 uS/cm
B59: pH | C59: Diaria | D59: 10,5 - 11,9
B60: Sílice en SiO2 | C60: Semanal | D60: ≤ 150 mg/l
B61: Dureza Total en CaCO3 | C61: Semanal | D61: ˂ 3 mg/l
B62: Hierro Total | C62: Mensual | D62: ˂ 1 mg/l
B63: Sulfito | C63: Diaria | D63: 30 - 60 mg/l
B64: Fosfato | C64: Diaria | D64: 30 - 60 mg/l
B65: TDS | C65: Diaria | D65: −
A67: Caldera N°5 | B67: Alcalinidad +M en CaCO3 | C67: Semanal | D67: ≤ 700 mg/l | E67: 1104
B68: Alcalinidad OH¯ en CaCO3 | C68: Semanal | D68: ≥ 40 mg/l | E68: 496
B69: Conductividad | C69: Diaria | D69: 1.100 - 1.500 uS/cm | E69: 3654 | F69: 4091
B70: pH | C70: Diaria | D70: 10,5 - 11,9 | E70: 11.92 | F70: 11.92
B71: Sílice en SiO2 | C71: Semanal | D71: ≤ 150 mg/l
B72: Dureza Total en CaCO3 | C72: Semanal | D72: ˂ 3 mg/l
B73: Hierro Total | C73: Mensual | D73: ˂ 1 mg/l
B74: Sulfito | C74: Diaria | D74: 30 - 60 mg/l | E74: 57 | F74: 52
B75: Fosfato | C75: Diaria | D75: 30 - 60 mg/l
B76: TDS | C76: Diaria | D76: − | E76: 2700 | F76: 3064

Sheet  11-03-26
C2: VARIABLE DE CONTROL SISTEMA DE GENERACIÓN DE VAPOR " PLANTA SALSAS Y UNTABLES" | H2: Codigo: FOXXX-0704-MAN
H3: Fecha actualización: XX/XX/XXXX
H4: Versión: X
A6: NOMBRE DE LA PLANTA: Alimentos Polar Comercial, C.A. Salsas y Untables
A7: DIRECCIÓN: Avenida Luis Ernesto Branger, Zona Industrial Norte II, Parroquia Rafael Urdaneta, Valencia, Edo. Carabobo,
A8: Venezuela. Código postal 2001.
A11: FECHA: | B11: 46092 | C11: Nombre y Apellido | E11: Osman A | F11: Eliezer D | G11: Observaciones
A12: Area | B12: Variable de control | D12: Rango Operación | E12: 1er Turno | F12: 2do Turno
E13: 0.29166667 | F13: 0.79166667
A14: Alimentación Calderas | B14: Hierro Total | C14: Semanal | D14: ≤ 0,1 mg/l
B15: Temperatura | C15: Diaria | D15: ≥ 104 °C | E15: 91.6 | F15: 93.5
B16: Dureza Total en CaCO3 | C16: Diaria | D16: ≤ 0,3 mg/l
B17: Conductividad | C17: Semanal | D17: −
B18: pH | C18: Diaria | D18: 8,5 - 10,0 | E18: 7.72 | F18: 7.69
B19: Sílice en SiO2 | C19: Semanal | D19: −
B20: Alcalinidad +M en CaCO3 | C20: Semanal | D20: −
B21: Alcalinidad OH¯ en CaCO3 | C21: Semanal | D21: −
A23: Caldera N°1 | B23: Alcalinidad +M en CaCO3 | C23: Semanal | D23: ≤ 700 mg/l
B24: Alcalinidad OH¯ en CaCO3 | C24: Semanal | D24: ≥ 40 mg/l
B25: Conductividad | C25: Diaria | D25: 1.100 - 1.500 uS/cm | E25: 3800 | F25: 3946
B26: pH | C26: Diaria | D26: 10,5 - 11,9 | E26: 11.83 | F26: 11.9
B27: Sílice en SiO2 | C27: Semanal | D27: ≤ 150 mg/l
B28: Dureza Total en CaCO3 | C28: Semanal | D28: ˂ 3 mg/l
B29: Hierro Total | C29: Mensual | D29: ˂ 1 mg/l
B30: Sulfito | C30: Diaria | D30: 30 - 60 mg/l | E30: 43 | F30: 52
B31: Fosfato | C31: Diaria | D31: 30 - 60 mg/l
B32: TDS | C32: Diaria | D32: − | E32: 2824 | F32: 2944
A34: Caldera N°2 | B34: Alcalinidad +M en CaCO3 | C34: Semanal | D34: ≤ 700 mg/l
B35: Alcalinidad OH¯ en CaCO3 | C35: Semanal | D35: ≥ 40 mg/l
B36: Conductividad | C36: Diaria | D36: 1.100 - 1.500 uS/cm | E36: 3461 | F36: 3480
B37: pH | C37: Diaria | D37: 10,5 - 11,9 | E37: 11.89 | F37: 11.88
B38: Sílice en SiO2 | C38: Semanal | D38: ≤ 150 mg/l
B39: Dureza Total en CaCO3 | C39: Semanal | D39: ˂ 3 mg/l
B40: Hierro Total | C40: Mensual | D40: ˂ 1 mg/l
B41: Sulfito | C41: Diaria | D41: 30 - 60 mg/l | E41: 32 | F41: 36
B42: Fosfato | C42: Diaria | D42: 30 - 60 mg/l
B43: TDS | C43: Diaria | D43: − | E43: 2550 | F43: 2575
A45: Caldera N°3 | B45: Alcalinidad +M en CaCO3 | C45: Semanal | D45: ≤ 700 mg/l
B46: Alcalinidad OH¯ en CaCO3 | C46: Semanal | D46: ≥ 40 mg/l
B47: Conductividad | C47: Diaria | D47: 1.100 - 1.500 uS/cm | E47: 2356 | F47: 2537
B48: pH | C48: Diaria | D48: 10,5 - 11,9 | E48: 11.76 | F48: 11.82
B49: Sílice en SiO2 | C49: Semanal | D49: ≤ 150 mg/l
B50: Dureza Total en CaCO3 | C50: Semanal | D50: ˂ 3 mg/l
B51: Hierro Total | C51: Mensual | D51: ˂ 1 mg/l
B52: Sulfito | C52: Diaria | D52: 30 - 60 mg/l | E52: 26 | F52: 28
B53: Fosfato | C53: Diaria | D53: 30 - 60 mg/l
B54: TDS | C54: Diaria | D54: − | E54: 1690 | F54: 1896
A56: Caldera N°4 | B56: Alcalinidad +M en CaCO3 | C56: Semanal | D56: ≤ 700 mg/l
B57: Alcalinidad OH¯ en CaCO3 | C57: Semanal | D57: ≥ 40 mg/l
B58: Conductividad | C58: Diaria | D58: 1.100 - 1.500 uS/cm
B59: pH | C59: Diaria | D59: 10,5 - 11,9
B60: Sílice en SiO2 | C60: Semanal | D60: ≤ 150 mg/l
B61: Dureza Total en CaCO3 | C61: Semanal | D61: ˂ 3 mg/l
B62: Hierro Total | C62: Mensual | D62: ˂ 1 mg/l
B63: Sulfito | C63: Diaria | D63: 30 - 60 mg/l
B64: Fosfato | C64: Diaria | D64: 30 - 60 mg/l
B65: TDS | C65: Diaria | D65: −
A67: Caldera N°5 | B67: Alcalinidad +M en CaCO3 | C67: Semanal | D67: ≤ 700 mg/l
B68: Alcalinidad OH¯ en CaCO3 | C68: Semanal | D68: ≥ 40 mg/l
B69: Conductividad | C69: Diaria | D69: 1.100 - 1.500 uS/cm | E69: 4060 | F69: 4186
B70: pH | C70: Diaria | D70: 10,5 - 11,9 | E70: 11.92 | F70: 11.93
B71: Sílice en SiO2 | C71: Semanal | D71: ≤ 150 mg/l
B72: Dureza Total en CaCO3 | C72: Semanal | D72: ˂ 3 mg/l
B73: Hierro Total | C73: Mensual | D73: ˂ 1 mg/l
B74: Sulfito | C74: Diaria | D74: 30 - 60 mg/l | E74: 46 | F74: 46
B75: Fosfato | C75: Diaria | D75: 30 - 60 mg/l
B76: TDS | C76: Diaria | D76: − | E76: 3029 | F76: 3165

Sheet  12-03-26
C2: VARIABLE DE CONTROL SISTEMA DE GENERACIÓN DE VAPOR " PLANTA SALSAS Y UNTABLES" | H2: Codigo: FOXXX-0704-MAN
H3: Fecha actualización: XX/XX/XXXX
H4: Versión: X
A6: NOMBRE DE LA PLANTA: Alimentos Polar Comercial, C.A. Salsas y Untables
A7: DIRECCIÓN: Avenida Luis Ernesto Branger, Zona Industrial Norte II, Parroquia Rafael Urdaneta, Valencia, Edo. Carabobo,
A8: Venezuela. Código postal 2001.
A11: FECHA: | C11: Nombre y Apellido | G11: Observaciones
A12: Area | B12: Variable de control | D12: Rango Operación | E12: 1er Turno | F12: 2do Turno
E13: 0.29166667 | F13: 0.79166667
A14: Alimentación Calderas | B14: Hierro Total | C14: Semanal | D14: ≤ 0,1 mg/l
B15: Temperatura | C15: Diaria | D15: ≥ 104 °C
B16: Dureza Total en CaCO3 | C16: Diaria | D16: ≤ 0,3 mg/l
B17: Conductividad | C17: Semanal | D17: −
B18: pH | C18: Diaria | D18: 8,5 - 10,0
B19: Sílice en SiO2 | C19: Semanal | D19: −
B20: Alcalinidad +M en CaCO3 | C20: Semanal | D20: −
B21: Alcalinidad OH¯ en CaCO3 | C21: Semanal | D21: −
A23: Caldera N°1 | B23: Alcalinidad +M en CaCO3 | C23: Semanal | D23: ≤ 700 mg/l
B24: Alcalinidad OH¯ en CaCO3 | C24: Semanal | D24: ≥ 40 mg/l
B25: Conductividad | C25: Diaria | D25: 1.100 - 1.500 uS/cm
B26: pH | C26: Diaria | D26: 10,5 - 11,9
B27: Sílice en SiO2 | C27: Semanal | D27: ≤ 150 mg/l
B28: Dureza Total en CaCO3 | C28: Semanal | D28: ˂ 3 mg/l
B29: Hierro Total | C29: Mensual | D29: ˂ 1 mg/l
B30: Sulfito | C30: Diaria | D30: 30 - 60 mg/l
B31: Fosfato | C31: Diaria | D31: 30 - 60 mg/l
B32: TDS | C32: Diaria | D32: −
A34: Caldera N°2 | B34: Alcalinidad +M en CaCO3 | C34: Semanal | D34: ≤ 700 mg/l
B35: Alcalinidad OH¯ en CaCO3 | C35: Semanal | D35: ≥ 40 mg/l
B36: Conductividad | C36: Diaria | D36: 1.100 - 1.500 uS/cm
B37: pH | C37: Diaria | D37: 10,5 - 11,9
B38: Sílice en SiO2 | C38: Semanal | D38: ≤ 150 mg/l
B39: Dureza Total en CaCO3 | C39: Semanal | D39: ˂ 3 mg/l
B40: Hierro Total | C40: Mensual | D40: ˂ 1 mg/l
B41: Sulfito | C41: Diaria | D41: 30 - 60 mg/l
B42: Fosfato | C42: Diaria | D42: 30 - 60 mg/l
B43: TDS | C43: Diaria | D43: −
A45: Caldera N°3 | B45: Alcalinidad +M en CaCO3 | C45: Semanal | D45: ≤ 700 mg/l
B46: Alcalinidad OH¯ en CaCO3 | C46: Semanal | D46: ≥ 40 mg/l
B47: Conductividad | C47: Diaria | D47: 1.100 - 1.500 uS/cm
B48: pH | C48: Diaria | D48: 10,5 - 11,9
B49: Sílice en SiO2 | C49: Semanal | D49: ≤ 150 mg/l
B50: Dureza Total en CaCO3 | C50: Semanal | D50: ˂ 3 mg/l
B51: Hierro Total | C51: Mensual | D51: ˂ 1 mg/l
B52: Sulfito | C52: Diaria | D52: 30 - 60 mg/l
B53: Fosfato | C53: Diaria | D53: 30 - 60 mg/l
B54: TDS | C54: Diaria | D54: −
A56: Caldera N°4 | B56: Alcalinidad +M en CaCO3 | C56: Semanal | D56: ≤ 700 mg/l
B57: Alcalinidad OH¯ en CaCO3 | C57: Semanal | D57: ≥ 40 mg/l
B58: Conductividad | C58: Diaria | D58: 1.100 - 1.500 uS/cm
B59: pH | C59: Diaria | D59: 10,5 - 11,9
B60: Sílice en SiO2 | C60: Semanal | D60: ≤ 150 mg/l
B61: Dureza Total en CaCO3 | C61: Semanal | D61: ˂ 3 mg/l
B62: Hierro Total | C62: Mensual | D62: ˂ 1 mg/l
B63: Sulfito | C63: Diaria | D63: 30 - 60 mg/l
B64: Fosfato | C64: Diaria | D64: 30 - 60 mg/l
B65: TDS | C65: Diaria | D65: −
A67: Caldera N°5 | B67: Alcalinidad +M en CaCO3 | C67: Semanal | D67: ≤ 700 mg/l
B68: Alcalinidad OH¯ en CaCO3 | C68: Semanal | D68: ≥ 40 mg/l
B69: Conductividad | C69: Diaria | D69: 1.100 - 1.500 uS/cm
B70: pH | C70: Diaria | D70: 10,5 - 11,9
B71: Sílice en SiO2 | C71: Semanal | D71: ≤ 150 mg/l
B72: Dureza Total en CaCO3 | C72: Semanal | D72: ˂ 3 mg/l
B73: Hierro Total | C73: Mensual | D73: ˂ 1 mg/l
B74: Sulfito | C74: Diaria | D74: 30 - 60 mg/l
B75: Fosfato | C75: Diaria | D75: 30 - 60 mg/l
B76: TDS | C76: Diaria | D76: −

Sheet  13-03-26
C2: VARIABLE DE CONTROL SISTEMA DE GENERACIÓN DE VAPOR " PLANTA SALSAS Y UNTABLES" | H2: Codigo: FOXXX-0704-MAN
H3: Fecha actualización: XX/XX/XXXX
H4: Versión: X
A6: NOMBRE DE LA PLANTA: Alimentos Polar Comercial, C.A. Salsas y Untables
A7: DIRECCIÓN: Avenida Luis Ernesto Branger, Zona Industrial Norte II, Parroquia Rafael Urdaneta, Valencia, Edo. Carabobo,
A8: Venezuela. Código postal 2001.
A11: FECHA: | C11: Nombre y Apellido | G11: Observaciones
A12: Area | B12: Variable de control | D12: Rango Operación | E12: 1er Turno | F12: 2do Turno
E13: 0.29166667 | F13: 0.79166667
A14: Alimentación Calderas | B14: Hierro Total | C14: Semanal | D14: ≤ 0,1 mg/l
B15: Temperatura | C15: Diaria | D15: ≥ 104 °C
B16: Dureza Total en CaCO3 | C16: Diaria | D16: ≤ 0,3 mg/l
B17: Conductividad | C17: Semanal | D17: −
B18: pH | C18: Diaria | D18: 8,5 - 10,0
B19: Sílice en SiO2 | C19: Semanal | D19: −
B20: Alcalinidad +M en CaCO3 | C20: Semanal | D20: −
B21: Alcalinidad OH¯ en CaCO3 | C21: Semanal | D21: −
A23: Caldera N°1 | B23: Alcalinidad +M en CaCO3 | C23: Semanal | D23: ≤ 700 mg/l
B24: Alcalinidad OH¯ en CaCO3 | C24: Semanal | D24: ≥ 40 mg/l
B25: Conductividad | C25: Diaria | D25: 1.100 - 1.500 uS/cm
B26: pH | C26: Diaria | D26: 10,5 - 11,9
B27: Sílice en SiO2 | C27: Semanal | D27: ≤ 150 mg/l
B28: Dureza Total en CaCO3 | C28: Semanal | D28: ˂ 3 mg/l
B29: Hierro Total | C29: Mensual | D29: ˂ 1 mg/l
B30: Sulfito | C30: Diaria | D30: 30 - 60 mg/l
B31: Fosfato | C31: Diaria | D31: 30 - 60 mg/l
B32: TDS | C32: Diaria | D32: −
A34: Caldera N°2 | B34: Alcalinidad +M en CaCO3 | C34: Semanal | D34: ≤ 700 mg/l
B35: Alcalinidad OH¯ en CaCO3 | C35: Semanal | D35: ≥ 40 mg/l
B36: Conductividad | C36: Diaria | D36: 1.100 - 1.500 uS/cm
B37: pH | C37: Diaria | D37: 10,5 - 11,9
B38: Sílice en SiO2 | C38: Semanal | D38: ≤ 150 mg/l
B39: Dureza Total en CaCO3 | C39: Semanal | D39: ˂ 3 mg/l
B40: Hierro Total | C40: Mensual | D40: ˂ 1 mg/l
B41: Sulfito | C41: Diaria | D41: 30 - 60 mg/l
B42: Fosfato | C42: Diaria | D42: 30 - 60 mg/l
B43: TDS | C43: Diaria | D43: −
A45: Caldera N°3 | B45: Alcalinidad +M en CaCO3 | C45: Semanal | D45: ≤ 700 mg/l
B46: Alcalinidad OH¯ en CaCO3 | C46: Semanal | D46: ≥ 40 mg/l
B47: Conductividad | C47: Diaria | D47: 1.100 - 1.500 uS/cm
B48: pH | C48: Diaria | D48: 10,5 - 11,9
B49: Sílice en SiO2 | C49: Semanal | D49: ≤ 150 mg/l
B50: Dureza Total en CaCO3 | C50: Semanal | D50: ˂ 3 mg/l
B51: Hierro Total | C51: Mensual | D51: ˂ 1 mg/l
B52: Sulfito | C52: Diaria | D52: 30 - 60 mg/l
B53: Fosfato | C53: Diaria | D53: 30 - 60 mg/l
B54: TDS | C54: Diaria | D54: −
A56: Caldera N°4 | B56: Alcalinidad +M en CaCO3 | C56: Semanal | D56: ≤ 700 mg/l
B57: Alcalinidad OH¯ en CaCO3 | C57: Semanal | D57: ≥ 40 mg/l
B58: Conductividad | C58: Diaria | D58: 1.100 - 1.500 uS/cm
B59: pH | C59: Diaria | D59: 10,5 - 11,9
B60: Sílice en SiO2 | C60: Semanal | D60: ≤ 150 mg/l
B61: Dureza Total en CaCO3 | C61: Semanal | D61: ˂ 3 mg/l
B62: Hierro Total | C62: Mensual | D62: ˂ 1 mg/l
B63: Sulfito | C63: Diaria | D63: 30 - 60 mg/l
B64: Fosfato | C64: Diaria | D64: 30 - 60 mg/l
B65: TDS | C65: Diaria | D65: −
A67: Caldera N°5 | B67: Alcalinidad +M en CaCO3 | C67: Semanal | D67: ≤ 700 mg/l
B68: Alcalinidad OH¯ en CaCO3 | C68: Semanal | D68: ≥ 40 mg/l
B69: Conductividad | C69: Diaria | D69: 1.100 - 1.500 uS/cm
B70: pH | C70: Diaria | D70: 10,5 - 11,9
B71: Sílice en SiO2 | C71: Semanal | D71: ≤ 150 mg/l
B72: Dureza Total en CaCO3 | C72: Semanal | D72: ˂ 3 mg/l
B73: Hierro Total | C73: Mensual | D73: ˂ 1 mg/l
B74: Sulfito | C74: Diaria | D74: 30 - 60 mg/l
B75: Fosfato | C75: Diaria | D75: 30 - 60 mg/l
B76: TDS | C76: Diaria | D76: −

Sheet  14-03-26
C2: VARIABLE DE CONTROL SISTEMA DE GENERACIÓN DE VAPOR " PLANTA SALSAS Y UNTABLES" | H2: Codigo: FOXXX-0704-MAN
H3: Fecha actualización: XX/XX/XXXX
H4: Versión: X
A6: NOMBRE DE LA PLANTA: Alimentos Polar Comercial, C.A. Salsas y Untables
A7: DIRECCIÓN: Avenida Luis Ernesto Branger, Zona Industrial Norte II, Parroquia Rafael Urdaneta, Valencia, Edo. Carabobo,
A8: Venezuela. Código postal 2001.
A11: FECHA: | B11: 46095 | C11: Nombre y Apellido | E11: Angel M | F11: Arturo C | G11: Observaciones
A12: Area | B12: Variable de control | D12: Rango Operación | E12: 1er Turno | F12: 2do Turno
E13: 0.29166667 | F13: 0.79166667
A14: Alimentación Calderas | B14: Hierro Total | C14: Semanal | D14: ≤ 0,1 mg/l
B15: Temperatura | C15: Diaria | D15: ≥ 104 °C | E15: 93.4 | F15: 93.5
B16: Dureza Total en CaCO3 | C16: Diaria | D16: ≤ 0,3 mg/l
B17: Conductividad | C17: Semanal | D17: − | E17: 539
B18: pH | C18: Diaria | D18: 8,5 - 10,0 | E18: 7.61 | F18: 7.96
B19: Sílice en SiO2 | C19: Semanal | D19: −
B20: Alcalinidad +M en CaCO3 | C20: Semanal | D20: −
B21: Alcalinidad OH¯ en CaCO3 | C21: Semanal | D21: −
A23: Caldera N°1 | B23: Alcalinidad +M en CaCO3 | C23: Semanal | D23: ≤ 700 mg/l
B24: Alcalinidad OH¯ en CaCO3 | C24: Semanal | D24: ≥ 40 mg/l
B25: Conductividad | C25: Diaria | D25: 1.100 - 1.500 uS/cm | E25: 3436
B26: pH | C26: Diaria | D26: 10,5 - 11,9 | E26: 11.74 | F26: 11.86
B27: Sílice en SiO2 | C27: Semanal | D27: ≤ 150 mg/l
B28: Dureza Total en CaCO3 | C28: Semanal | D28: ˂ 3 mg/l
B29: Hierro Total | C29: Mensual | D29: ˂ 1 mg/l
B30: Sulfito | C30: Diaria | D30: 30 - 60 mg/l | E30: 48 | F30: 70
B31: Fosfato | C31: Diaria | D31: 30 - 60 mg/l | E31: 45 | F31: 42.5
B32: TDS | C32: Diaria | D32: − | E32: 2710
A34: Caldera N°2 | B34: Alcalinidad +M en CaCO3 | C34: Semanal | D34: ≤ 700 mg/l
B35: Alcalinidad OH¯ en CaCO3 | C35: Semanal | D35: ≥ 40 mg/l
B36: Conductividad | C36: Diaria | D36: 1.100 - 1.500 uS/cm | E36: 3244
B37: pH | C37: Diaria | D37: 10,5 - 11,9 | E37: 11.8 | F37: 11.84
B38: Sílice en SiO2 | C38: Semanal | D38: ≤ 150 mg/l
B39: Dureza Total en CaCO3 | C39: Semanal | D39: ˂ 3 mg/l
B40: Hierro Total | C40: Mensual | D40: ˂ 1 mg/l
B41: Sulfito | C41: Diaria | D41: 30 - 60 mg/l | E41: 34 | F41: 58
B42: Fosfato | C42: Diaria | D42: 30 - 60 mg/l | E42: 32.5 | F42: 50
B43: TDS | C43: Diaria | D43: − | E43: 2890
A45: Caldera N°3 | B45: Alcalinidad +M en CaCO3 | C45: Semanal | D45: ≤ 700 mg/l
B46: Alcalinidad OH¯ en CaCO3 | C46: Semanal | D46: ≥ 40 mg/l
B47: Conductividad | C47: Diaria | D47: 1.100 - 1.500 uS/cm | E47: 3022
B48: pH | C48: Diaria | D48: 10,5 - 11,9 | E48: 11.69 | F48: 11.73
B49: Sílice en SiO2 | C49: Semanal | D49: ≤ 150 mg/l
B50: Dureza Total en CaCO3 | C50: Semanal | D50: ˂ 3 mg/l
B51: Hierro Total | C51: Mensual | D51: ˂ 1 mg/l
B52: Sulfito | C52: Diaria | D52: 30 - 60 mg/l | E52: 30 | F52: 47
B53: Fosfato | C53: Diaria | D53: 30 - 60 mg/l | E53: 37.5 | F53: 45
B54: TDS | C54: Diaria | D54: − | E54: 1710
A56: Caldera N°4 | B56: Alcalinidad +M en CaCO3 | C56: Semanal | D56: ≤ 700 mg/l
B57: Alcalinidad OH¯ en CaCO3 | C57: Semanal | D57: ≥ 40 mg/l
B58: Conductividad | C58: Diaria | D58: 1.100 - 1.500 uS/cm
B59: pH | C59: Diaria | D59: 10,5 - 11,9
B60: Sílice en SiO2 | C60: Semanal | D60: ≤ 150 mg/l
B61: Dureza Total en CaCO3 | C61: Semanal | D61: ˂ 3 mg/l
B62: Hierro Total | C62: Mensual | D62: ˂ 1 mg/l
B63: Sulfito | C63: Diaria | D63: 30 - 60 mg/l
B64: Fosfato | C64: Diaria | D64: 30 - 60 mg/l
B65: TDS | C65: Diaria | D65: −
A67: Caldera N°5 | B67: Alcalinidad +M en CaCO3 | C67: Semanal | D67: ≤ 700 mg/l
B68: Alcalinidad OH¯ en CaCO3 | C68: Semanal | D68: ≥ 40 mg/l
B69: Conductividad | C69: Diaria | D69: 1.100 - 1.500 uS/cm | E69: 3369
B70: pH | C70: Diaria | D70: 10,5 - 11,9 | E70: 11.84 | F70: 11.9
B71: Sílice en SiO2 | C71: Semanal | D71: ≤ 150 mg/l
B72: Dureza Total en CaCO3 | C72: Semanal | D72: ˂ 3 mg/l
B73: Hierro Total | C73: Mensual | D73: ˂ 1 mg/l
B74: Sulfito | C74: Diaria | D74: 30 - 60 mg/l | E74: 40 | F74: 66
B75: Fosfato | C75: Diaria | D75: 30 - 60 mg/l | E75: 40 | F75: 50
B76: TDS | C76: Diaria | D76: − | E76: 2570

Sheet  15-03-26
C2: VARIABLE DE CONTROL SISTEMA DE GENERACIÓN DE VAPOR " PLANTA SALSAS Y UNTABLES" | H2: Codigo: FOXXX-0704-MAN
H3: Fecha actualización: XX/XX/XXXX
H4: Versión: X
A6: NOMBRE DE LA PLANTA: Alimentos Polar Comercial, C.A. Salsas y Untables
A7: DIRECCIÓN: Avenida Luis Ernesto Branger, Zona Industrial Norte II, Parroquia Rafael Urdaneta, Valencia, Edo. Carabobo,
A8: Venezuela. Código postal 2001.
A11: FECHA: | C11: Nombre y Apellido | G11: Observaciones
A12: Area | B12: Variable de control | D12: Rango Operación | E12: 1er Turno | F12: 2do Turno
E13: 0.29166667 | F13: 0.79166667
A14: Alimentación Calderas | B14: Hierro Total | C14: Semanal | D14: ≤ 0,1 mg/l
B15: Temperatura | C15: Diaria | D15: ≥ 104 °C
B16: Dureza Total en CaCO3 | C16: Diaria | D16: ≤ 0,3 mg/l
B17: Conductividad | C17: Semanal | D17: −
B18: pH | C18: Diaria | D18: 8,5 - 10,0
B19: Sílice en SiO2 | C19: Semanal | D19: −
B20: Alcalinidad +M en CaCO3 | C20: Semanal | D20: −
B21: Alcalinidad OH¯ en CaCO3 | C21: Semanal | D21: −
A23: Caldera N°1 | B23: Alcalinidad +M en CaCO3 | C23: Semanal | D23: ≤ 700 mg/l
B24: Alcalinidad OH¯ en CaCO3 | C24: Semanal | D24: ≥ 40 mg/l
B25: Conductividad | C25: Diaria | D25: 1.100 - 1.500 uS/cm
B26: pH | C26: Diaria | D26: 10,5 - 11,9
B27: Sílice en SiO2 | C27: Semanal | D27: ≤ 150 mg/l
B28: Dureza Total en CaCO3 | C28: Semanal | D28: ˂ 3 mg/l
B29: Hierro Total | C29: Mensual | D29: ˂ 1 mg/l
B30: Sulfito | C30: Diaria | D30: 30 - 60 mg/l
B31: Fosfato | C31: Diaria | D31: 30 - 60 mg/l
B32: TDS | C32: Diaria | D32: −
A34: Caldera N°2 | B34: Alcalinidad +M en CaCO3 | C34: Semanal | D34: ≤ 700 mg/l
B35: Alcalinidad OH¯ en CaCO3 | C35: Semanal | D35: ≥ 40 mg/l
B36: Conductividad | C36: Diaria | D36: 1.100 - 1.500 uS/cm
B37: pH | C37: Diaria | D37: 10,5 - 11,9
B38: Sílice en SiO2 | C38: Semanal | D38: ≤ 150 mg/l
B39: Dureza Total en CaCO3 | C39: Semanal | D39: ˂ 3 mg/l
B40: Hierro Total | C40: Mensual | D40: ˂ 1 mg/l
B41: Sulfito | C41: Diaria | D41: 30 - 60 mg/l
B42: Fosfato | C42: Diaria | D42: 30 - 60 mg/l
B43: TDS | C43: Diaria | D43: −
A45: Caldera N°3 | B45: Alcalinidad +M en CaCO3 | C45: Semanal | D45: ≤ 700 mg/l
B46: Alcalinidad OH¯ en CaCO3 | C46: Semanal | D46: ≥ 40 mg/l
B47: Conductividad | C47: Diaria | D47: 1.100 - 1.500 uS/cm
B48: pH | C48: Diaria | D48: 10,5 - 11,9
B49: Sílice en SiO2 | C49: Semanal | D49: ≤ 150 mg/l
B50: Dureza Total en CaCO3 | C50: Semanal | D50: ˂ 3 mg/l
B51: Hierro Total | C51: Mensual | D51: ˂ 1 mg/l
B52: Sulfito | C52: Diaria | D52: 30 - 60 mg/l
B53: Fosfato | C53: Diaria | D53: 30 - 60 mg/l
B54: TDS | C54: Diaria | D54: −
A56: Caldera N°4 | B56: Alcalinidad +M en CaCO3 | C56: Semanal | D56: ≤ 700 mg/l
B57: Alcalinidad OH¯ en CaCO3 | C57: Semanal | D57: ≥ 40 mg/l
B58: Conductividad | C58: Diaria | D58: 1.100 - 1.500 uS/cm
B59: pH | C59: Diaria | D59: 10,5 - 11,9
B60: Sílice en SiO2 | C60: Semanal | D60: ≤ 150 mg/l
B61: Dureza Total en CaCO3 | C61: Semanal | D61: ˂ 3 mg/l
B62: Hierro Total | C62: Mensual | D62: ˂ 1 mg/l
B63: Sulfito | C63: Diaria | D63: 30 - 60 mg/l
B64: Fosfato | C64: Diaria | D64: 30 - 60 mg/l
B65: TDS | C65: Diaria | D65: −
A67: Caldera N°5 | B67: Alcalinidad +M en CaCO3 | C67: Semanal | D67: ≤ 700 mg/l
B68: Alcalinidad OH¯ en CaCO3 | C68: Semanal | D68: ≥ 40 mg/l
B69: Conductividad | C69: Diaria | D69: 1.100 - 1.500 uS/cm
B70: pH | C70: Diaria | D70: 10,5 - 11,9
B71: Sílice en SiO2 | C71: Semanal | D71: ≤ 150 mg/l
B72: Dureza Total en CaCO3 | C72: Semanal | D72: ˂ 3 mg/l
B73: Hierro Total | C73: Mensual | D73: ˂ 1 mg/l
B74: Sulfito | C74: Diaria | D74: 30 - 60 mg/l
B75: Fosfato | C75: Diaria | D75: 30 - 60 mg/l
B76: TDS | C76: Diaria | D76: −

Sheet  16-03-26
C2: VARIABLE DE CONTROL SISTEMA DE GENERACIÓN DE VAPOR " PLANTA SALSAS Y UNTABLES" | H2: Codigo: FOXXX-0704-MAN
H3: Fecha actualización: XX/XX/XXXX
H4: Versión: X
A6: NOMBRE DE LA PLANTA: Alimentos Polar Comercial, C.A. Salsas y Untables
A7: DIRECCIÓN: Avenida Luis Ernesto Branger, Zona Industrial Norte II, Parroquia Rafael Urdaneta, Valencia, Edo. Carabobo,
A8: Venezuela. Código postal 2001.
A11: FECHA: | B11: 46097 | C11: Nombre y Apellido | E11: Eliezer D | F11: Angel M | G11: Observaciones
A12: Area | B12: Variable de control | D12: Rango Operación | E12: 1er Turno | F12: 2do Turno
E13: 0.29166667 | F13: 0.79166667
A14: Alimentación Calderas | B14: Hierro Total | C14: Semanal | D14: ≤ 0,1 mg/l
B15: Temperatura | C15: Diaria | D15: ≥ 104 °C
B16: Dureza Total en CaCO3 | C16: Diaria | D16: ≤ 0,3 mg/l
B17: Conductividad | C17: Semanal | D17: −
B18: pH | C18: Diaria | D18: 8,5 - 10,0
B19: Sílice en SiO2 | C19: Semanal | D19: −
B20: Alcalinidad +M en CaCO3 | C20: Semanal | D20: −
B21: Alcalinidad OH¯ en CaCO3 | C21: Semanal | D21: −
A23: Caldera N°1 | B23: Alcalinidad +M en CaCO3 | C23: Semanal | D23: ≤ 700 mg/l
B24: Alcalinidad OH¯ en CaCO3 | C24: Semanal | D24: ≥ 40 mg/l
B25: Conductividad | C25: Diaria | D25: 1.100 - 1.500 uS/cm
B26: pH | C26: Diaria | D26: 10,5 - 11,9
B27: Sílice en SiO2 | C27: Semanal | D27: ≤ 150 mg/l
B28: Dureza Total en CaCO3 | C28: Semanal | D28: ˂ 3 mg/l
B29: Hierro Total | C29: Mensual | D29: ˂ 1 mg/l
B30: Sulfito | C30: Diaria | D30: 30 - 60 mg/l
B31: Fosfato | C31: Diaria | D31: 30 - 60 mg/l
B32: TDS | C32: Diaria | D32: −
A34: Caldera N°2 | B34: Alcalinidad +M en CaCO3 | C34: Semanal | D34: ≤ 700 mg/l
B35: Alcalinidad OH¯ en CaCO3 | C35: Semanal | D35: ≥ 40 mg/l
B36: Conductividad | C36: Diaria | D36: 1.100 - 1.500 uS/cm
B37: pH | C37: Diaria | D37: 10,5 - 11,9
B38: Sílice en SiO2 | C38: Semanal | D38: ≤ 150 mg/l
B39: Dureza Total en CaCO3 | C39: Semanal | D39: ˂ 3 mg/l
B40: Hierro Total | C40: Mensual | D40: ˂ 1 mg/l
B41: Sulfito | C41: Diaria | D41: 30 - 60 mg/l
B42: Fosfato | C42: Diaria | D42: 30 - 60 mg/l
B43: TDS | C43: Diaria | D43: −
A45: Caldera N°3 | B45: Alcalinidad +M en CaCO3 | C45: Semanal | D45: ≤ 700 mg/l
B46: Alcalinidad OH¯ en CaCO3 | C46: Semanal | D46: ≥ 40 mg/l
B47: Conductividad | C47: Diaria | D47: 1.100 - 1.500 uS/cm
B48: pH | C48: Diaria | D48: 10,5 - 11,9
B49: Sílice en SiO2 | C49: Semanal | D49: ≤ 150 mg/l
B50: Dureza Total en CaCO3 | C50: Semanal | D50: ˂ 3 mg/l
B51: Hierro Total | C51: Mensual | D51: ˂ 1 mg/l
B52: Sulfito | C52: Diaria | D52: 30 - 60 mg/l
B53: Fosfato | C53: Diaria | D53: 30 - 60 mg/l
B54: TDS | C54: Diaria | D54: −
A56: Caldera N°4 | B56: Alcalinidad +M en CaCO3 | C56: Semanal | D56: ≤ 700 mg/l
B57: Alcalinidad OH¯ en CaCO3 | C57: Semanal | D57: ≥ 40 mg/l
B58: Conductividad | C58: Diaria | D58: 1.100 - 1.500 uS/cm
B59: pH | C59: Diaria | D59: 10,5 - 11,9
B60: Sílice en SiO2 | C60: Semanal | D60: ≤ 150 mg/l
B61: Dureza Total en CaCO3 | C61: Semanal | D61: ˂ 3 mg/l
B62: Hierro Total | C62: Mensual | D62: ˂ 1 mg/l
B63: Sulfito | C63: Diaria | D63: 30 - 60 mg/l
B64: Fosfato | C64: Diaria | D64: 30 - 60 mg/l
B65: TDS | C65: Diaria | D65: −
A67: Caldera N°5 | B67: Alcalinidad +M en CaCO3 | C67: Semanal | D67: ≤ 700 mg/l
B68: Alcalinidad OH¯ en CaCO3 | C68: Semanal | D68: ≥ 40 mg/l
B69: Conductividad | C69: Diaria | D69: 1.100 - 1.500 uS/cm
B70: pH | C70: Diaria | D70: 10,5 - 11,9
B71: Sílice en SiO2 | C71: Semanal | D71: ≤ 150 mg/l
B72: Dureza Total en CaCO3 | C72: Semanal | D72: ˂ 3 mg/l
B73: Hierro Total | C73: Mensual | D73: ˂ 1 mg/l
B74: Sulfito | C74: Diaria | D74: 30 - 60 mg/l
B75: Fosfato | C75: Diaria | D75: 30 - 60 mg/l
B76: TDS | C76: Diaria | D76: −

Sheet  17-03-26
C2: VARIABLE DE CONTROL SISTEMA DE GENERACIÓN DE VAPOR " PLANTA SALSAS Y UNTABLES" | H2: Codigo: FOXXX-0704-MAN
H3: Fecha actualización: XX/XX/XXXX
H4: Versión: X
A6: NOMBRE DE LA PLANTA: Alimentos Polar Comercial, C.A. Salsas y Untables
A7: DIRECCIÓN: Avenida Luis Ernesto Branger, Zona Industrial Norte II, Parroquia Rafael Urdaneta, Valencia, Edo. Carabobo,
A8: Venezuela. Código postal 2001.
A11: FECHA: | B11: 46098 | C11: Nombre y Apellido | E11: Eliezer D | F11: Angel M | G11: Observaciones
A12: Area | B12: Variable de control | D12: Rango Operación | E12: 1er Turno | F12: 2do Turno
E13: 0.29166667 | F13: 0.79166667
A14: Alimentación Calderas | B14: Hierro Total | C14: Semanal | D14: ≤ 0,1 mg/l
B15: Temperatura | C15: Diaria | D15: ≥ 104 °C | E15: 94.9 | F15: 93.6
B16: Dureza Total en CaCO3 | C16: Diaria | D16: ≤ 0,3 mg/l
B17: Conductividad | C17: Semanal | D17: −
B18: pH | C18: Diaria | D18: , | E18: 7.68 | F18: 7.77
B19: Sílice en SiO2 | C19: Semanal | D19: −
B20: Alcalinidad +M en CaCO3 | C20: Semanal | D20: −
B21: Alcalinidad OH¯ en CaCO3 | C21: Semanal | D21: −
A23: Caldera N°1 | B23: Alcalinidad +M en CaCO3 | C23: Semanal | D23: ≤ 700 mg/l
B24: Alcalinidad OH¯ en CaCO3 | C24: Semanal | D24: ≥ 40 mg/l
B25: Conductividad | C25: Diaria | D25: 1.100 - 1.500 uS/cm
B26: pH | C26: Diaria | D26: 10,5 - 11,9 | E26: 11.76 | F26: 11.7
B27: Sílice en SiO2 | C27: Semanal | D27: ≤ 150 mg/l
B28: Dureza Total en CaCO3 | C28: Semanal | D28: ˂ 3 mg/l
B29: Hierro Total | C29: Mensual | D29: ˂ 1 mg/l
B30: Sulfito | C30: Diaria | D30: 30 - 60 mg/l | E30: 44 | F30: 40
B31: Fosfato | C31: Diaria | D31: 30 - 60 mg/l | E31: 57.5 | F31: 42.5
B32: TDS | C32: Diaria | D32: −
A34: Caldera N°2 | B34: Alcalinidad +M en CaCO3 | C34: Semanal | D34: ≤ 700 mg/l
B35: Alcalinidad OH¯ en CaCO3 | C35: Semanal | D35: ≥ 40 mg/l
B36: Conductividad | C36: Diaria | D36: 1.100 - 1.500 uS/cm
B37: pH | C37: Diaria | D37: 10,5 - 11,9 | E37: 11.73 | F37: 11.77
B38: Sílice en SiO2 | C38: Semanal | D38: ≤ 150 mg/l
B39: Dureza Total en CaCO3 | C39: Semanal | D39: ˂ 3 mg/l
B40: Hierro Total | C40: Mensual | D40: ˂ 1 mg/l
B41: Sulfito | C41: Diaria | D41: 30 - 60 mg/l | E41: 32 | F41: 36
B42: Fosfato | C42: Diaria | D42: 30 - 60 mg/l | E42: 37.5 | F42: 40
B43: TDS | C43: Diaria | D43: −
A45: Caldera N°3 | B45: Alcalinidad +M en CaCO3 | C45: Semanal | D45: ≤ 700 mg/l
B46: Alcalinidad OH¯ en CaCO3 | C46: Semanal | D46: ≥ 40 mg/l
B47: Conductividad | C47: Diaria | D47: 1.100 - 1.500 uS/cm
B48: pH | C48: Diaria | D48: 10,5 - 11,9 | E48: 11.65 | F48: 11.68
B49: Sílice en SiO2 | C49: Semanal | D49: ≤ 150 mg/l
B50: Dureza Total en CaCO3 | C50: Semanal | D50: ˂ 3 mg/l
B51: Hierro Total | C51: Mensual | D51: ˂ 1 mg/l
B52: Sulfito | C52: Diaria | D52: 30 - 60 mg/l | E52: 40 | F52: 33
B53: Fosfato | C53: Diaria | D53: 30 - 60 mg/l | E53: 30 | F53: 27.5
B54: TDS | C54: Diaria | D54: −
A56: Caldera N°4 | B56: Alcalinidad +M en CaCO3 | C56: Semanal | D56: ≤ 700 mg/l
B57: Alcalinidad OH¯ en CaCO3 | C57: Semanal | D57: ≥ 40 mg/l
B58: Conductividad | C58: Diaria | D58: 1.100 - 1.500 uS/cm
B59: pH | C59: Diaria | D59: 10,5 - 11,9
B60: Sílice en SiO2 | C60: Semanal | D60: ≤ 150 mg/l
B61: Dureza Total en CaCO3 | C61: Semanal | D61: ˂ 3 mg/l
B62: Hierro Total | C62: Mensual | D62: ˂ 1 mg/l
B63: Sulfito | C63: Diaria | D63: 30 - 60 mg/l
B64: Fosfato | C64: Diaria | D64: 30 - 60 mg/l
B65: TDS | C65: Diaria | D65: −
A67: Caldera N°5 | B67: Alcalinidad +M en CaCO3 | C67: Semanal | D67: ≤ 700 mg/l
B68: Alcalinidad OH¯ en CaCO3 | C68: Semanal | D68: ≥ 40 mg/l
B69: Conductividad | C69: Diaria | D69: 1.100 - 1.500 uS/cm
B70: pH | C70: Diaria | D70: 10,5 - 11,9
B71: Sílice en SiO2 | C71: Semanal | D71: ≤ 150 mg/l
B72: Dureza Total en CaCO3 | C72: Semanal | D72: ˂ 3 mg/l
B73: Hierro Total | C73: Mensual | D73: ˂ 1 mg/l
B74: Sulfito | C74: Diaria | D74: 30 - 60 mg/l
B75: Fosfato | C75: Diaria | D75: 30 - 60 mg/l
B76: TDS | C76: Diaria | D76: −

Sheet  18-03-26
C2: VARIABLE DE CONTROL SISTEMA DE GENERACIÓN DE VAPOR " PLANTA SALSAS Y UNTABLES" | H2: Codigo: FOXXX-0704-MAN
H3: Fecha actualización: XX/XX/XXXX
H4: Versión: X
A6: NOMBRE DE LA PLANTA: Alimentos Polar Comercial, C.A. Salsas y Untables
A7: DIRECCIÓN: Avenida Luis Ernesto Branger, Zona Industrial Norte II, Parroquia Rafael Urdaneta, Valencia, Edo. Carabobo,
A8: Venezuela. Código postal 2001.
A11: FECHA: | B11: 46099 | C11: Nombre y Apellido | E11: Osman A | F11: Eliezer D | G11: Observaciones
A12: Area | B12: Variable de control | D12: Rango Operación | E12: 1er Turno | F12: 2do Turno
E13: 0.29166667 | F13: 0.79166667
A14: Alimentación Calderas | B14: Hierro Total | C14: Semanal | D14: ≤ 0,1 mg/l
B15: Temperatura | C15: Diaria | D15: ≥ 104 °C | E15: 95.8 | F15: 92.4
B16: Dureza Total en CaCO3 | C16: Diaria | D16: ≤ 0,3 mg/l
B17: Conductividad | C17: Semanal | D17: − | E17: 597
B18: pH | C18: Diaria | D18: 8,5 - 10,0 | E18: 7.91 | F18: 7.69
B19: Sílice en SiO2 | C19: Semanal | D19: −
B20: Alcalinidad +M en CaCO3 | C20: Semanal | D20: −
B21: Alcalinidad OH¯ en CaCO3 | C21: Semanal | D21: −
A23: Caldera N°1 | B23: Alcalinidad +M en CaCO3 | C23: Semanal | D23: ≤ 700 mg/l | E23: 1220
B24: Alcalinidad OH¯ en CaCO3 | C24: Semanal | D24: ≥ 40 mg/l | E24: 572
B25: Conductividad | C25: Diaria | D25: 1.100 - 1.500 uS/cm | E25: 3798 | F25: 3666
B26: pH | C26: Diaria | D26: 10,5 - 11,9 | E26: 11.82 | F26: 11.84
B27: Sílice en SiO2 | C27: Semanal | D27: ≤ 150 mg/l
B28: Dureza Total en CaCO3 | C28: Semanal | D28: ˂ 3 mg/l
B29: Hierro Total | C29: Mensual | D29: ˂ 1 mg/l
B30: Sulfito | C30: Diaria | D30: 30 - 60 mg/l | E30: 60 | F30: 45
B31: Fosfato | C31: Diaria | D31: 30 - 60 mg/l | E31: 57.5 | F31: 52.5
B32: TDS | C32: Diaria | D32: − | E32: 2865 | F32: 2736
A34: Caldera N°2 | B34: Alcalinidad +M en CaCO3 | C34: Semanal | D34: ≤ 700 mg/l | E34: 1028
B35: Alcalinidad OH¯ en CaCO3 | C35: Semanal | D35: ≥ 40 mg/l | E35: 572
B36: Conductividad | C36: Diaria | D36: 1.100 - 1.500 uS/cm | E36: 3510 | F36: 2359
B37: pH | C37: Diaria | D37: 10,5 - 11,9 | E37: 11.7 | F37: 11.64
B38: Sílice en SiO2 | C38: Semanal | D38: ≤ 150 mg/l
B39: Dureza Total en CaCO3 | C39: Semanal | D39: ˂ 3 mg/l
B40: Hierro Total | C40: Mensual | D40: ˂ 1 mg/l
B41: Sulfito | C41: Diaria | D41: 30 - 60 mg/l | E41: 58 | F41: 25
B42: Fosfato | C42: Diaria | D42: 30 - 60 mg/l | E42: 60 | F42: 38
B43: TDS | C43: Diaria | D43: − | E43: 2630 | F43: 1708
A45: Caldera N°3 | B45: Alcalinidad +M en CaCO3 | C45: Semanal | D45: ≤ 700 mg/l | E45: 836
B46: Alcalinidad OH¯ en CaCO3 | C46: Semanal | D46: ≥ 40 mg/l | E46: 364
B47: Conductividad | C47: Diaria | D47: 1.100 - 1.500 uS/cm | E47: 2670 | F47: 2651
B48: pH | C48: Diaria | D48: 10,5 - 11,9 | E48: 11.82 | F48: 11.61
B49: Sílice en SiO2 | C49: Semanal | D49: ≤ 150 mg/l
B50: Dureza Total en CaCO3 | C50: Semanal | D50: ˂ 3 mg/l
B51: Hierro Total | C51: Mensual | D51: ˂ 1 mg/l
B52: Sulfito | C52: Diaria | D52: 30 - 60 mg/l | E52: 36 | F52: 28
B53: Fosfato | C53: Diaria | D53: 30 - 60 mg/l | E53: 40 | F53: 32
B54: TDS | C54: Diaria | D54: −
A56: Caldera N°4 | B56: Alcalinidad +M en CaCO3 | C56: Semanal | D56: ≤ 700 mg/l
B57: Alcalinidad OH¯ en CaCO3 | C57: Semanal | D57: ≥ 40 mg/l
B58: Conductividad | C58: Diaria | D58: 1.100 - 1.500 uS/cm
B59: pH | C59: Diaria | D59: 10,5 - 11,9
B60: Sílice en SiO2 | C60: Semanal | D60: ≤ 150 mg/l
B61: Dureza Total en CaCO3 | C61: Semanal | D61: ˂ 3 mg/l
B62: Hierro Total | C62: Mensual | D62: ˂ 1 mg/l
B63: Sulfito | C63: Diaria | D63: 30 - 60 mg/l
B64: Fosfato | C64: Diaria | D64: 30 - 60 mg/l
B65: TDS | C65: Diaria | D65: −
A67: Caldera N°5 | B67: Alcalinidad +M en CaCO3 | C67: Semanal | D67: ≤ 700 mg/l
B68: Alcalinidad OH¯ en CaCO3 | C68: Semanal | D68: ≥ 40 mg/l
B69: Conductividad | C69: Diaria | D69: 1.100 - 1.500 uS/cm
B70: pH | C70: Diaria | D70: 10,5 - 11,9
B71: Sílice en SiO2 | C71: Semanal | D71: ≤ 150 mg/l
B72: Dureza Total en CaCO3 | C72: Semanal | D72: ˂ 3 mg/l
B73: Hierro Total | C73: Mensual | D73: ˂ 1 mg/l
B74: Sulfito | C74: Diaria | D74: 30 - 60 mg/l
B75: Fosfato | C75: Diaria | D75: 30 - 60 mg/l
B76: TDS | C76: Diaria | D76: −

Sheet  19-03-26
C2: VARIABLE DE CONTROL SISTEMA DE GENERACIÓN DE VAPOR " PLANTA SALSAS Y UNTABLES" | H2: Codigo: FOXXX-0704-MAN
H3: Fecha actualización: XX/XX/XXXX
H4: Versión: X
A6: NOMBRE DE LA PLANTA: Alimentos Polar Comercial, C.A. Salsas y Untables
A7: DIRECCIÓN: Avenida Luis Ernesto Branger, Zona Industrial Norte II, Parroquia Rafael Urdaneta, Valencia, Edo. Carabobo,
A8: Venezuela. Código postal 2001.
A11: FECHA: | B11: 46100 | C11: Nombre y Apellido | E11: Osman A | F11: Eliezer D | G11: Observaciones
A12: Area | B12: Variable de control | D12: Rango Operación | E12: 1er Turno | F12: 2do Turno
E13: 0.29166667 | F13: 0.79166667
A14: Alimentación Calderas | B14: Hierro Total | C14: Semanal | D14: ≤ 0,1 mg/l
B15: Temperatura | C15: Diaria | D15: ≥ 104 °C | E15: 93 | F15: 92.3
B16: Dureza Total en CaCO3 | C16: Diaria | D16: ≤ 0,3 mg/l
B17: Conductividad | C17: Semanal | D17: − | E17: 604
B18: pH | C18: Diaria | D18: 8,5 - 10,0 | E18: 7.73 | F18: 7.68
B19: Sílice en SiO2 | C19: Semanal | D19: −
B20: Alcalinidad +M en CaCO3 | C20: Semanal | D20: −
B21: Alcalinidad OH¯ en CaCO3 | C21: Semanal | D21: −
A23: Caldera N°1 | B23: Alcalinidad +M en CaCO3 | C23: Semanal | D23: ≤ 700 mg/l
B24: Alcalinidad OH¯ en CaCO3 | C24: Semanal | D24: ≥ 40 mg/l
B25: Conductividad | C25: Diaria | D25: 1.100 - 1.500 uS/cm | E25: 3451 | F25: 3617
B26: pH | C26: Diaria | D26: 10,5 - 11,9 | E26: 11.86 | F26: 11.87
B27: Sílice en SiO2 | C27: Semanal | D27: ≤ 150 mg/l
B28: Dureza Total en CaCO3 | C28: Semanal | D28: ˂ 3 mg/l
B29: Hierro Total | C29: Mensual | D29: ˂ 1 mg/l
B30: Sulfito | C30: Diaria | D30: 30 - 60 mg/l | E30: 38 | F30: 54
B31: Fosfato | C31: Diaria | D31: 30 - 60 mg/l | E31: 60 | F31: 45
B32: TDS | C32: Diaria | D32: − | E32: 2583 | F32: 2762
A34: Caldera N°2 | B34: Alcalinidad +M en CaCO3 | C34: Semanal | D34: ≤ 700 mg/l
B35: Alcalinidad OH¯ en CaCO3 | C35: Semanal | D35: ≥ 40 mg/l
B36: Conductividad | C36: Diaria | D36: 1.100 - 1.500 uS/cm | E36: 3285 | F36: 3435
B37: pH | C37: Diaria | D37: 10,5 - 11,9 | E37: 11.9 | F37: 11.85
B38: Sílice en SiO2 | C38: Semanal | D38: ≤ 150 mg/l
B39: Dureza Total en CaCO3 | C39: Semanal | D39: ˂ 3 mg/l
B40: Hierro Total | C40: Mensual | D40: ˂ 1 mg/l
B41: Sulfito | C41: Diaria | D41: 30 - 60 mg/l | E41: 30 | F41: 32
B42: Fosfato | C42: Diaria | D42: 30 - 60 mg/l | E42: 37.5 | F42: 35
B43: TDS | C43: Diaria | D43: − | E43: 2450 | F43: 2555
A45: Caldera N°3 | B45: Alcalinidad +M en CaCO3 | C45: Semanal | D45: ≤ 700 mg/l
B46: Alcalinidad OH¯ en CaCO3 | C46: Semanal | D46: ≥ 40 mg/l
B47: Conductividad | C47: Diaria | D47: 1.100 - 1.500 uS/cm | E47: 1656 | F47: 2284
B48: pH | C48: Diaria | D48: 10,5 - 11,9 | E48: 11.47 | F48: 11.62
B49: Sílice en SiO2 | C49: Semanal | D49: ≤ 150 mg/l
B50: Dureza Total en CaCO3 | C50: Semanal | D50: ˂ 3 mg/l
B51: Hierro Total | C51: Mensual | D51: ˂ 1 mg/l
B52: Sulfito | C52: Diaria | D52: 30 - 60 mg/l | E52: 24 | F52: 25
B53: Fosfato | C53: Diaria | D53: 30 - 60 mg/l | E53: 30 | F53: 32.5
B54: TDS | C54: Diaria | D54: − | E54: 1178 | F54: 1164
A56: Caldera N°4 | B56: Alcalinidad +M en CaCO3 | C56: Semanal | D56: ≤ 700 mg/l
B57: Alcalinidad OH¯ en CaCO3 | C57: Semanal | D57: ≥ 40 mg/l
B58: Conductividad | C58: Diaria | D58: 1.100 - 1.500 uS/cm | E58: 1984 | F58: 2263
B59: pH | C59: Diaria | D59: 10,5 - 11,9 | E59: 11.62 | F59: 11.65
B60: Sílice en SiO2 | C60: Semanal | D60: ≤ 150 mg/l
B61: Dureza Total en CaCO3 | C61: Semanal | D61: ˂ 3 mg/l
B62: Hierro Total | C62: Mensual | D62: ˂ 1 mg/l
B63: Sulfito | C63: Diaria | D63: 30 - 60 mg/l | E63: 23 | F63: 30
B64: Fosfato | C64: Diaria | D64: 30 - 60 mg/l | E64: 25 | F64: 37.5
B65: TDS | C65: Diaria | D65: − | E65: 1428 | F65: 1638
A67: Caldera N°5 | B67: Alcalinidad +M en CaCO3 | C67: Semanal | D67: ≤ 700 mg/l
B68: Alcalinidad OH¯ en CaCO3 | C68: Semanal | D68: ≥ 40 mg/l
B69: Conductividad | C69: Diaria | D69: 1.100 - 1.500 uS/cm
B70: pH | C70: Diaria | D70: 10,5 - 11,9
B71: Sílice en SiO2 | C71: Semanal | D71: ≤ 150 mg/l
B72: Dureza Total en CaCO3 | C72: Semanal | D72: ˂ 3 mg/l
B73: Hierro Total | C73: Mensual | D73: ˂ 1 mg/l
B74: Sulfito | C74: Diaria | D74: 30 - 60 mg/l
B75: Fosfato | C75: Diaria | D75: 30 - 60 mg/l
B76: TDS | C76: Diaria | D76: −

Sheet  20-03-26
C2: VARIABLE DE CONTROL SISTEMA DE GENERACIÓN DE VAPOR " PLANTA SALSAS Y UNTABLES" | H2: Codigo: FOXXX-0704-MAN
H3: Fecha actualización: XX/XX/XXXX
H4: Versión: X
A6: NOMBRE DE LA PLANTA: Alimentos Polar Comercial, C.A. Salsas y Untables
A7: DIRECCIÓN: Avenida Luis Ernesto Branger, Zona Industrial Norte II, Parroquia Rafael Urdaneta, Valencia, Edo. Carabobo,
A8: Venezuela. Código postal 2001.
A11: FECHA: | B11: 46101 | C11: Nombre y Apellido | E11: Arturo C | F11: Osman A | G11: Observaciones
A12: Area | B12: Variable de control | D12: Rango Operación | E12: 1er Turno | F12: 2do Turno
E13: 0.29166667 | F13: 0.79166667
A14: Alimentación Calderas | B14: Hierro Total | C14: Semanal | D14: ≤ 0,1 mg/l
B15: Temperatura | C15: Diaria | D15: ≥ 104 °C | E15: 92.7 | F15: 92.4
B16: Dureza Total en CaCO3 | C16: Diaria | D16: ≤ 0,3 mg/l
B17: Conductividad | C17: Semanal | D17: − | E17: 586 | F17: 597
B18: pH | C18: Diaria | D18: 8,5 - 10,0 | E18: 7.82 | F18: 7.72
B19: Sílice en SiO2 | C19: Semanal | D19: −
B20: Alcalinidad +M en CaCO3 | C20: Semanal | D20: −
B21: Alcalinidad OH¯ en CaCO3 | C21: Semanal | D21: −
A23: Caldera N°1 | B23: Alcalinidad +M en CaCO3 | C23: Semanal | D23: ≤ 700 mg/l
B24: Alcalinidad OH¯ en CaCO3 | C24: Semanal | D24: ≥ 40 mg/l
B25: Conductividad | C25: Diaria | D25: 1.100 - 1.500 uS/cm | E25: 3144 | F25: 3188
B26: pH | C26: Diaria | D26: 10,5 - 11,9 | E26: 11.65 | F26: 11.73
B27: Sílice en SiO2 | C27: Semanal | D27: ≤ 150 mg/l
B28: Dureza Total en CaCO3 | C28: Semanal | D28: ˂ 3 mg/l
B29: Hierro Total | C29: Mensual | D29: ˂ 1 mg/l
B30: Sulfito | C30: Diaria | D30: 30 - 60 mg/l | E30: 36 | F30: 32
B31: Fosfato | C31: Diaria | D31: 30 - 60 mg/l | E31: 30 | F31: 45
B32: TDS | C32: Diaria | D32: − | E32: 2360 | F32: 2362
A34: Caldera N°2 | B34: Alcalinidad +M en CaCO3 | C34: Semanal | D34: ≤ 700 mg/l
B35: Alcalinidad OH¯ en CaCO3 | C35: Semanal | D35: ≥ 40 mg/l
B36: Conductividad | C36: Diaria | D36: 1.100 - 1.500 uS/cm | E36: 3365 | F36: 3260
B37: pH | C37: Diaria | D37: 10,5 - 11,9 | E37: 11.72 | F37: 11.84
B38: Sílice en SiO2 | C38: Semanal | D38: ≤ 150 mg/l
B39: Dureza Total en CaCO3 | C39: Semanal | D39: ˂ 3 mg/l
B40: Hierro Total | C40: Mensual | D40: ˂ 1 mg/l
B41: Sulfito | C41: Diaria | D41: 30 - 60 mg/l | E41: 38 | F41: 34
B42: Fosfato | C42: Diaria | D42: 30 - 60 mg/l | E42: 27.5 | F42: 50
B43: TDS | C43: Diaria | D43: − | E43: 2489 | F43: 2423
A45: Caldera N°3 | B45: Alcalinidad +M en CaCO3 | C45: Semanal | D45: ≤ 700 mg/l
B46: Alcalinidad OH¯ en CaCO3 | C46: Semanal | D46: ≥ 40 mg/l
B47: Conductividad | C47: Diaria | D47: 1.100 - 1.500 uS/cm | E47: 2073 | F47: 2016
B48: pH | C48: Diaria | D48: 10,5 - 11,9 | E48: 11.5 | F48: 11.52
B49: Sílice en SiO2 | C49: Semanal | D49: ≤ 150 mg/l
B50: Dureza Total en CaCO3 | C50: Semanal | D50: ˂ 3 mg/l
B51: Hierro Total | C51: Mensual | D51: ˂ 1 mg/l
B52: Sulfito | C52: Diaria | D52: 30 - 60 mg/l | E52: 34 | F52: 30
B53: Fosfato | C53: Diaria | D53: 30 - 60 mg/l | E53: 30 | F53: 40
B54: TDS | C54: Diaria | D54: − | E54: 1484 | F54: 1450
A56: Caldera N°4 | B56: Alcalinidad +M en CaCO3 | C56: Semanal | D56: ≤ 700 mg/l
B57: Alcalinidad OH¯ en CaCO3 | C57: Semanal | D57: ≥ 40 mg/l
B58: Conductividad | C58: Diaria | D58: 1.100 - 1.500 uS/cm | E58: 2229 | F58: 2067
B59: pH | C59: Diaria | D59: 10,5 - 11,9 | E59: 11.55 | F59: 11.58
B60: Sílice en SiO2 | C60: Semanal | D60: ≤ 150 mg/l
B61: Dureza Total en CaCO3 | C61: Semanal | D61: ˂ 3 mg/l
B62: Hierro Total | C62: Mensual | D62: ˂ 1 mg/l
B63: Sulfito | C63: Diaria | D63: 30 - 60 mg/l | E63: 34 | F63: 32
B64: Fosfato | C64: Diaria | D64: 30 - 60 mg/l | E64: 27.5 | F64: 37.5
B65: TDS | C65: Diaria | D65: − | E65: 1605 | F65: 1487
A67: Caldera N°5 | B67: Alcalinidad +M en CaCO3 | C67: Semanal | D67: ≤ 700 mg/l
B68: Alcalinidad OH¯ en CaCO3 | C68: Semanal | D68: ≥ 40 mg/l
B69: Conductividad | C69: Diaria | D69: 1.100 - 1.500 uS/cm
B70: pH | C70: Diaria | D70: 10,5 - 11,9
B71: Sílice en SiO2 | C71: Semanal | D71: ≤ 150 mg/l
B72: Dureza Total en CaCO3 | C72: Semanal | D72: ˂ 3 mg/l
B73: Hierro Total | C73: Mensual | D73: ˂ 1 mg/l
B74: Sulfito | C74: Diaria | D74: 30 - 60 mg/l
B75: Fosfato | C75: Diaria | D75: 30 - 60 mg/l
B76: TDS | C76: Diaria | D76: −

Sheet  21-03-26
C2: VARIABLE DE CONTROL SISTEMA DE GENERACIÓN DE VAPOR " PLANTA SALSAS Y UNTABLES" | H2: Codigo: FOXXX-0704-MAN
H3: Fecha actualización: XX/XX/XXXX
H4: Versión: X
A6: NOMBRE DE LA PLANTA: Alimentos Polar Comercial, C.A. Salsas y Untables
A7: DIRECCIÓN: Avenida Luis Ernesto Branger, Zona Industrial Norte II, Parroquia Rafael Urdaneta, Valencia, Edo. Carabobo,
A8: Venezuela. Código postal 2001.
A11: FECHA: | B11: 46102 | C11: Nombre y Apellido | E11: Arturo C | F11: Osman A | G11: Observaciones
A12: Area | B12: Variable de control | D12: Rango Operación | E12: 1er Turno | F12: 2do Turno
E13: 0.29166667 | F13: 0.79166667
A14: Alimentación Calderas | B14: Hierro Total | C14: Semanal | D14: ≤ 0,1 mg/l
B15: Temperatura | C15: Diaria | D15: ≥ 104 °C | E15: 92.9 | F15: 92.6
B16: Dureza Total en CaCO3 | C16: Diaria | D16: ≤ 0,3 mg/l
B17: Conductividad | C17: Semanal | D17: − | E17: 617 | F17: 623
B18: pH | C18: Diaria | D18: 8,5 - 10,0 | E18: 7.59 | F18: 7.64
B19: Sílice en SiO2 | C19: Semanal | D19: −
B20: Alcalinidad +M en CaCO3 | C20: Semanal | D20: −
B21: Alcalinidad OH¯ en CaCO3 | C21: Semanal | D21: −
A23: Caldera N°1 | B23: Alcalinidad +M en CaCO3 | C23: Semanal | D23: ≤ 700 mg/l
B24: Alcalinidad OH¯ en CaCO3 | C24: Semanal | D24: ≥ 40 mg/l
B25: Conductividad | C25: Diaria | D25: 1.100 - 1.500 uS/cm | E25: 2638 | F25: 2858
B26: pH | C26: Diaria | D26: 10,5 - 11,9 | E26: 11.23 | F26: 11.64
B27: Sílice en SiO2 | C27: Semanal | D27: ≤ 150 mg/l
B28: Dureza Total en CaCO3 | C28: Semanal | D28: ˂ 3 mg/l
B29: Hierro Total | C29: Mensual | D29: ˂ 1 mg/l
B30: Sulfito | C30: Diaria | D30: 30 - 60 mg/l | E30: 65 | F30: 58
B31: Fosfato | C31: Diaria | D31: 30 - 60 mg/l | E31: 47.5 | F31: 57.5
B32: TDS | C32: Diaria | D32: − | E32: 1931 | F32: 2113
A34: Caldera N°2 | B34: Alcalinidad +M en CaCO3 | C34: Semanal | D34: ≤ 700 mg/l
B35: Alcalinidad OH¯ en CaCO3 | C35: Semanal | D35: ≥ 40 mg/l
B36: Conductividad | C36: Diaria | D36: 1.100 - 1.500 uS/cm | E36: 3299 | F36: 3062
B37: pH | C37: Diaria | D37: 10,5 - 11,9 | E37: 11.5 | F37: 11.67
B38: Sílice en SiO2 | C38: Semanal | D38: ≤ 150 mg/l
B39: Dureza Total en CaCO3 | C39: Semanal | D39: ˂ 3 mg/l
B40: Hierro Total | C40: Mensual | D40: ˂ 1 mg/l
B41: Sulfito | C41: Diaria | D41: 30 - 60 mg/l | E41: 66 | F41: 56
B42: Fosfato | C42: Diaria | D42: 30 - 60 mg/l | E42: 40 | F42: 35
B43: TDS | C43: Diaria | D43: − | E43: 2436 | F43: 2238
A45: Caldera N°3 | B45: Alcalinidad +M en CaCO3 | C45: Semanal | D45: ≤ 700 mg/l
B46: Alcalinidad OH¯ en CaCO3 | C46: Semanal | D46: ≥ 40 mg/l
B47: Conductividad | C47: Diaria | D47: 1.100 - 1.500 uS/cm | E47: 2495 | F47: 1623
B48: pH | C48: Diaria | D48: 10,5 - 11,9 | E48: 11.2 | F48: 11.15
B49: Sílice en SiO2 | C49: Semanal | D49: ≤ 150 mg/l
B50: Dureza Total en CaCO3 | C50: Semanal | D50: ˂ 3 mg/l
B51: Hierro Total | C51: Mensual | D51: ˂ 1 mg/l
B52: Sulfito | C52: Diaria | D52: 30 - 60 mg/l | E52: 56 | F52: 32
B53: Fosfato | C53: Diaria | D53: 30 - 60 mg/l | E53: 32.5 | F53: 30
B54: TDS | C54: Diaria | D54: − | E54: 1816 | F54: 1143
A56: Caldera N°4 | B56: Alcalinidad +M en CaCO3 | C56: Semanal | D56: ≤ 700 mg/l
B57: Alcalinidad OH¯ en CaCO3 | C57: Semanal | D57: ≥ 40 mg/l
B58: Conductividad | C58: Diaria | D58: 1.100 - 1.500 uS/cm | E58: 2474 | F58: 2288
B59: pH | C59: Diaria | D59: 10,5 - 11,9 | E59: 10.66 | F59: 11.51
B60: Sílice en SiO2 | C60: Semanal | D60: ≤ 150 mg/l
B61: Dureza Total en CaCO3 | C61: Semanal | D61: ˂ 3 mg/l
B62: Hierro Total | C62: Mensual | D62: ˂ 1 mg/l
B63: Sulfito | C63: Diaria | D63: 30 - 60 mg/l | E63: 50 | F63: 54
B64: Fosfato | C64: Diaria | D64: 30 - 60 mg/l | E64: 40 | F64: 37.5
B65: TDS | C65: Diaria | D65: −
A67: Caldera N°5 | B67: Alcalinidad +M en CaCO3 | C67: Semanal | D67: ≤ 700 mg/l
B68: Alcalinidad OH¯ en CaCO3 | C68: Semanal | D68: ≥ 40 mg/l
B69: Conductividad | C69: Diaria | D69: 1.100 - 1.500 uS/cm
B70: pH | C70: Diaria | D70: 10,5 - 11,9
B71: Sílice en SiO2 | C71: Semanal | D71: ≤ 150 mg/l
B72: Dureza Total en CaCO3 | C72: Semanal | D72: ˂ 3 mg/l
B73: Hierro Total | C73: Mensual | D73: ˂ 1 mg/l
B74: Sulfito | C74: Diaria | D74: 30 - 60 mg/l
B75: Fosfato | C75: Diaria | D75: 30 - 60 mg/l
B76: TDS | C76: Diaria | D76: −

Sheet  22-03-26
C2: VARIABLE DE CONTROL SISTEMA DE GENERACIÓN DE VAPOR " PLANTA SALSAS Y UNTABLES" | H2: Codigo: FOXXX-0704-MAN
H3: Fecha actualización: XX/XX/XXXX
H4: Versión: X
A6: NOMBRE DE LA PLANTA: Alimentos Polar Comercial, C.A. Salsas y Untables
A7: DIRECCIÓN: Avenida Luis Ernesto Branger, Zona Industrial Norte II, Parroquia Rafael Urdaneta, Valencia, Edo. Carabobo,
A8: Venezuela. Código postal 2001.
A11: FECHA: | B11: 46103 | C11: Nombre y Apellido | E11: Angel M | F11: Yan C | G11: Observaciones
A12: Area | B12: Variable de control | D12: Rango Operación | E12: 1er Turno | F12: 2do Turno
E13: 0.29166667 | F13: 0.79166667
A14: Alimentación Calderas | B14: Hierro Total | C14: Semanal | D14: ≤ 0,1 mg/l
B15: Temperatura | C15: Diaria | D15: ≥ 104 °C | E15: 93.6 | F15: 92.8
B16: Dureza Total en CaCO3 | C16: Diaria | D16: ≤ 0,3 mg/l
B17: Conductividad | C17: Semanal | D17: − | F17: 583
B18: pH | C18: Diaria | D18: 8,5 - 10,0 | E18: 7.62 | F18: 7.68
B19: Sílice en SiO2 | C19: Semanal | D19: −
B20: Alcalinidad +M en CaCO3 | C20: Semanal | D20: −
B21: Alcalinidad OH¯ en CaCO3 | C21: Semanal | D21: −
A23: Caldera N°1 | B23: Alcalinidad +M en CaCO3 | C23: Semanal | D23: ≤ 700 mg/l
B24: Alcalinidad OH¯ en CaCO3 | C24: Semanal | D24: ≥ 40 mg/l
B25: Conductividad | C25: Diaria | D25: 1.100 - 1.500 uS/cm | E25: 3008 | F25: 3141
B26: pH | C26: Diaria | D26: 10,5 - 11,9 | E26: 11.45 | F26: 11.76
B27: Sílice en SiO2 | C27: Semanal | D27: ≤ 150 mg/l
B28: Dureza Total en CaCO3 | C28: Semanal | D28: ˂ 3 mg/l
B29: Hierro Total | C29: Mensual | D29: ˂ 1 mg/l
B30: Sulfito | C30: Diaria | D30: 30 - 60 mg/l | E30: 80 | F30: 78
B31: Fosfato | C31: Diaria | D31: 30 - 60 mg/l | E31: 52.5 | F31: 37.5
B32: TDS | C32: Diaria | D32: − | E32: 2181 | F32: 2320
A34: Caldera N°2 | B34: Alcalinidad +M en CaCO3 | C34: Semanal | D34: ≤ 700 mg/l
B35: Alcalinidad OH¯ en CaCO3 | C35: Semanal | D35: ≥ 40 mg/l
B36: Conductividad | C36: Diaria | D36: 1.100 - 1.500 uS/cm | E36: 2054 | F36: 1301
B37: pH | C37: Diaria | D37: 10,5 - 11,9 | E37: 10.9 | F37: 10.61
B38: Sílice en SiO2 | C38: Semanal | D38: ≤ 150 mg/l
B39: Dureza Total en CaCO3 | C39: Semanal | D39: ˂ 3 mg/l
B40: Hierro Total | C40: Mensual | D40: ˂ 1 mg/l
B41: Sulfito | C41: Diaria | D41: 30 - 60 mg/l | E41: 20 | F41: 26
B42: Fosfato | C42: Diaria | D42: 30 - 60 mg/l | E42: 40 | F42: 30
B43: TDS | C43: Diaria | D43: − | E43: 1917 | F43: 905
A45: Caldera N°3 | B45: Alcalinidad +M en CaCO3 | C45: Semanal | D45: ≤ 700 mg/l
B46: Alcalinidad OH¯ en CaCO3 | C46: Semanal | D46: ≥ 40 mg/l
B47: Conductividad | C47: Diaria | D47: 1.100 - 1.500 uS/cm | E47: 2248 | F47: 2158
B48: pH | C48: Diaria | D48: 10,5 - 11,9 | E48: 11.21 | F48: 11.5
B49: Sílice en SiO2 | C49: Semanal | D49: ≤ 150 mg/l
B50: Dureza Total en CaCO3 | C50: Semanal | D50: ˂ 3 mg/l
B51: Hierro Total | C51: Mensual | D51: ˂ 1 mg/l
B52: Sulfito | C52: Diaria | D52: 30 - 60 mg/l | E52: 45 | F52: 57
B53: Fosfato | C53: Diaria | D53: 30 - 60 mg/l | E53: 50 | F53: 30
B54: TDS | C54: Diaria | D54: − | E54: 1615 | F54: 1552
A56: Caldera N°4 | B56: Alcalinidad +M en CaCO3 | C56: Semanal | D56: ≤ 700 mg/l
B57: Alcalinidad OH¯ en CaCO3 | C57: Semanal | D57: ≥ 40 mg/l
B58: Conductividad | C58: Diaria | D58: 1.100 - 1.500 uS/cm | E58: 3036 | F58: 2675
B59: pH | C59: Diaria | D59: 10,5 - 11,9 | E59: 11.75 | F59: 11.63
B60: Sílice en SiO2 | C60: Semanal | D60: ≤ 150 mg/l
B61: Dureza Total en CaCO3 | C61: Semanal | D61: ˂ 3 mg/l
B62: Hierro Total | C62: Mensual | D62: ˂ 1 mg/l
B63: Sulfito | C63: Diaria | D63: 30 - 60 mg/l | E63: 43 | F63: 43
B64: Fosfato | C64: Diaria | D64: 30 - 60 mg/l | E64: 42.5 | F64: 37.5
B65: TDS | C65: Diaria | D65: − | E65: 1890 | F65: 1961
A67: Caldera N°5 | B67: Alcalinidad +M en CaCO3 | C67: Semanal | D67: ≤ 700 mg/l
B68: Alcalinidad OH¯ en CaCO3 | C68: Semanal | D68: ≥ 40 mg/l
B69: Conductividad | C69: Diaria | D69: 1.100 - 1.500 uS/cm
B70: pH | C70: Diaria | D70: 10,5 - 11,9
B71: Sílice en SiO2 | C71: Semanal | D71: ≤ 150 mg/l
B72: Dureza Total en CaCO3 | C72: Semanal | D72: ˂ 3 mg/l
B73: Hierro Total | C73: Mensual | D73: ˂ 1 mg/l
B74: Sulfito | C74: Diaria | D74: 30 - 60 mg/l
B75: Fosfato | C75: Diaria | D75: 30 - 60 mg/l
B76: TDS | C76: Diaria | D76: −

Sheet  23-03-26
C2: VARIABLE DE CONTROL SISTEMA DE GENERACIÓN DE VAPOR " PLANTA SALSAS Y UNTABLES" | H2: Codigo: FOXXX-0704-MAN
H3: Fecha actualización: XX/XX/XXXX
H4: Versión: X
A6: NOMBRE DE LA PLANTA: Alimentos Polar Comercial, C.A. Salsas y Untables
A7: DIRECCIÓN: Avenida Luis Ernesto Branger, Zona Industrial Norte II, Parroquia Rafael Urdaneta, Valencia, Edo. Carabobo,
A8: Venezuela. Código postal 2001.
A11: FECHA: | B11: 46104 | C11: Nombre y Apellido | E11: Angel M | F11: Yan C | G11: Observaciones
A12: Area | B12: Variable de control | D12: Rango Operación | E12: 1er Turno | F12: 2do Turno
E13: 0.29166667 | F13: 0.79166667
A14: Alimentación Calderas | B14: Hierro Total | C14: Semanal | D14: ≤ 0,1 mg/l
B15: Temperatura | C15: Diaria | D15: ≥ 104 °C | E15: 90.9 | F15: 93.9
B16: Dureza Total en CaCO3 | C16: Diaria | D16: ≤ 0,3 mg/l | F16: 0
B17: Conductividad | C17: Semanal | D17: − | F17: 607
B18: pH | C18: Diaria | D18: 8,5 - 10,0 | E18: 7.67 | F18: 7.7
B19: Sílice en SiO2 | C19: Semanal | D19: −
B20: Alcalinidad +M en CaCO3 | C20: Semanal | D20: −
B21: Alcalinidad OH¯ en CaCO3 | C21: Semanal | D21: −
A23: Caldera N°1 | B23: Alcalinidad +M en CaCO3 | C23: Semanal | D23: ≤ 700 mg/l
B24: Alcalinidad OH¯ en CaCO3 | C24: Semanal | D24: ≥ 40 mg/l
B25: Conductividad | C25: Diaria | D25: 1.100 - 1.500 uS/cm | F25: 3583
B26: pH | C26: Diaria | D26: 10,5 - 11,9 | E26: 11.72 | F26: 11.73
B27: Sílice en SiO2 | C27: Semanal | D27: ≤ 150 mg/l
B28: Dureza Total en CaCO3 | C28: Semanal | D28: ˂ 3 mg/l
B29: Hierro Total | C29: Mensual | D29: ˂ 1 mg/l
B30: Sulfito | C30: Diaria | D30: 30 - 60 mg/l | E30: 66 | F30: 68
B31: Fosfato | C31: Diaria | D31: 30 - 60 mg/l | E31: 35 | F31: 37.5
B32: TDS | C32: Diaria | D32: − | E32: 2421 | F32: 2663
A34: Caldera N°2 | B34: Alcalinidad +M en CaCO3 | C34: Semanal | D34: ≤ 700 mg/l
B35: Alcalinidad OH¯ en CaCO3 | C35: Semanal | D35: ≥ 40 mg/l
B36: Conductividad | C36: Diaria | D36: 1.100 - 1.500 uS/cm | F36: 1060
B37: pH | C37: Diaria | D37: 10,5 - 11,9 | E37: 10.7 | F37: 10.9
B38: Sílice en SiO2 | C38: Semanal | D38: ≤ 150 mg/l
B39: Dureza Total en CaCO3 | C39: Semanal | D39: ˂ 3 mg/l
B40: Hierro Total | C40: Mensual | D40: ˂ 1 mg/l
B41: Sulfito | C41: Diaria | D41: 30 - 60 mg/l | E41: 30 | F41: 31
B42: Fosfato | C42: Diaria | D42: 30 - 60 mg/l | E42: 32.5 | F42: 27.5
B43: TDS | C43: Diaria | D43: − | E43: 1210 | F43: 722
A45: Caldera N°3 | B45: Alcalinidad +M en CaCO3 | C45: Semanal | D45: ≤ 700 mg/l
B46: Alcalinidad OH¯ en CaCO3 | C46: Semanal | D46: ≥ 40 mg/l
B47: Conductividad | C47: Diaria | D47: 1.100 - 1.500 uS/cm | F47: 2268
B48: pH | C48: Diaria | D48: 10,5 - 11,9 | E48: 11.58 | F48: 11.38
B49: Sílice en SiO2 | C49: Semanal | D49: ≤ 150 mg/l
B50: Dureza Total en CaCO3 | C50: Semanal | D50: ˂ 3 mg/l
B51: Hierro Total | C51: Mensual | D51: ˂ 1 mg/l
B52: Sulfito | C52: Diaria | D52: 30 - 60 mg/l | E52: 53 | F52: 50
B53: Fosfato | C53: Diaria | D53: 30 - 60 mg/l | E53: 52.5 | F53: 30
B54: TDS | C54: Diaria | D54: − | E54: 1380 | F54: 1624
A56: Caldera N°4 | B56: Alcalinidad +M en CaCO3 | C56: Semanal | D56: ≤ 700 mg/l
B57: Alcalinidad OH¯ en CaCO3 | C57: Semanal | D57: ≥ 40 mg/l
B58: Conductividad | C58: Diaria | D58: 1.100 - 1.500 uS/cm | F58: 1142
B59: pH | C59: Diaria | D59: 10,5 - 11,9 | E59: 11.07 | F59: 10.96
B60: Sílice en SiO2 | C60: Semanal | D60: ≤ 150 mg/l
B61: Dureza Total en CaCO3 | C61: Semanal | D61: ˂ 3 mg/l
B62: Hierro Total | C62: Mensual | D62: ˂ 1 mg/l
B63: Sulfito | C63: Diaria | D63: 30 - 60 mg/l | E63: 40 | F63: 35
B64: Fosfato | C64: Diaria | D64: 30 - 60 mg/l | E64: 45 | F64: 30
B65: TDS | C65: Diaria | D65: −
A67: Caldera N°5 | B67: Alcalinidad +M en CaCO3 | C67: Semanal | D67: ≤ 700 mg/l
B68: Alcalinidad OH¯ en CaCO3 | C68: Semanal | D68: ≥ 40 mg/l
B69: Conductividad | C69: Diaria | D69: 1.100 - 1.500 uS/cm
B70: pH | C70: Diaria | D70: 10,5 - 11,9
B71: Sílice en SiO2 | C71: Semanal | D71: ≤ 150 mg/l
B72: Dureza Total en CaCO3 | C72: Semanal | D72: ˂ 3 mg/l
B73: Hierro Total | C73: Mensual | D73: ˂ 1 mg/l
B74: Sulfito | C74: Diaria | D74: 30 - 60 mg/l
B75: Fosfato | C75: Diaria | D75: 30 - 60 mg/l
B76: TDS | C76: Diaria | D76: −

Sheet  24-03-26
C2: VARIABLE DE CONTROL SISTEMA DE GENERACIÓN DE VAPOR " PLANTA SALSAS Y UNTABLES" | H2: Codigo: FOXXX-0704-MAN
H3: Fecha actualización: XX/XX/XXXX
H4: Versión: X
A6: NOMBRE DE LA PLANTA: Alimentos Polar Comercial, C.A. Salsas y Untables
A7: DIRECCIÓN: Avenida Luis Ernesto Branger, Zona Industrial Norte II, Parroquia Rafael Urdaneta, Valencia, Edo. Carabobo,
A8: Venezuela. Código postal 2001.
A11: FECHA: | B11: 46105 | C11: Nombre y Apellido | E11: Juan M | F11: Angel M | G11: Observaciones
A12: Area | B12: Variable de control | D12: Rango Operación | E12: 1er Turno | F12: 2do Turno
E13: 0.29166667 | F13: 0.79166667
A14: Alimentación Calderas | B14: Hierro Total | C14: Semanal | D14: ≤ 0,1 mg/l | E14: 0.15
B15: Temperatura | C15: Diaria | D15: ≥ 104 °C | E15: 94 | F15: 93.5
B16: Dureza Total en CaCO3 | C16: Diaria | D16: ≤ 0,3 mg/l
B17: Conductividad | C17: Semanal | D17: − | E17: 619
B18: pH | C18: Diaria | D18: 8,5 - 10,0 | E18: 7.8 | F18: 7.71
B19: Sílice en SiO2 | C19: Semanal | D19: −
B20: Alcalinidad +M en CaCO3 | C20: Semanal | D20: −
B21: Alcalinidad OH¯ en CaCO3 | C21: Semanal | D21: −
A23: Caldera N°1 | B23: Alcalinidad +M en CaCO3 | C23: Semanal | D23: ≤ 700 mg/l
B24: Alcalinidad OH¯ en CaCO3 | C24: Semanal | D24: ≥ 40 mg/l
B25: Conductividad | C25: Diaria | D25: 1.100 - 1.500 uS/cm | E25: 3550
B26: pH | C26: Diaria | D26: 10,5 - 11,9 | E26: 10.61 | F26: 10.69
B27: Sílice en SiO2 | C27: Semanal | D27: ≤ 150 mg/l
B28: Dureza Total en CaCO3 | C28: Semanal | D28: ˂ 3 mg/l
B29: Hierro Total | C29: Mensual | D29: ˂ 1 mg/l | E29: 0.2
B30: Sulfito | C30: Diaria | D30: 30 - 60 mg/l | E30: 50 | F30: 44
B31: Fosfato | C31: Diaria | D31: 30 - 60 mg/l | E31: 60 | F31: 35
B32: TDS | C32: Diaria | D32: − | E32: 2640 | F32: 2760
A34: Caldera N°2 | B34: Alcalinidad +M en CaCO3 | C34: Semanal | D34: ≤ 700 mg/l
B35: Alcalinidad OH¯ en CaCO3 | C35: Semanal | D35: ≥ 40 mg/l
B36: Conductividad | C36: Diaria | D36: 1.100 - 1.500 uS/cm | E36: 931
B37: pH | C37: Diaria | D37: 10,5 - 11,9 | E37: 10.76 | F37: 10.81
B38: Sílice en SiO2 | C38: Semanal | D38: ≤ 150 mg/l
B39: Dureza Total en CaCO3 | C39: Semanal | D39: ˂ 3 mg/l
B40: Hierro Total | C40: Mensual | D40: ˂ 1 mg/l | E40: 0.04
B41: Sulfito | C41: Diaria | D41: 30 - 60 mg/l | E41: 50 | F41: 41
B42: Fosfato | C42: Diaria | D42: 30 - 60 mg/l | E42: 60 | F42: 32.5
B43: TDS | C43: Diaria | D43: − | E43: 643 | F43: 780
A45: Caldera N°3 | B45: Alcalinidad +M en CaCO3 | C45: Semanal | D45: ≤ 700 mg/l
B46: Alcalinidad OH¯ en CaCO3 | C46: Semanal | D46: ≥ 40 mg/l
B47: Conductividad | C47: Diaria | D47: 1.100 - 1.500 uS/cm | E47: 2361
B48: pH | C48: Diaria | D48: 10,5 - 11,9 | E48: 11.41 | F48: 11.54
B49: Sílice en SiO2 | C49: Semanal | D49: ≤ 150 mg/l
B50: Dureza Total en CaCO3 | C50: Semanal | D50: ˂ 3 mg/l
B51: Hierro Total | C51: Mensual | D51: ˂ 1 mg/l | E51: 0.06
B52: Sulfito | C52: Diaria | D52: 30 - 60 mg/l | E52: 40 | F52: 34
B53: Fosfato | C53: Diaria | D53: 30 - 60 mg/l | E53: 60 | F53: 57.5
B54: TDS | C54: Diaria | D54: − | E54: 1719 | F54: 1810
A56: Caldera N°4 | B56: Alcalinidad +M en CaCO3 | C56: Semanal | D56: ≤ 700 mg/l
B57: Alcalinidad OH¯ en CaCO3 | C57: Semanal | D57: ≥ 40 mg/l
B58: Conductividad | C58: Diaria | D58: 1.100 - 1.500 uS/cm | E58: 1862
B59: pH | C59: Diaria | D59: 10,5 - 11,9 | E59: 11.07 | F59: 1120
B60: Sílice en SiO2 | C60: Semanal | D60: ≤ 150 mg/l
B61: Dureza Total en CaCO3 | C61: Semanal | D61: ˂ 3 mg/l
B62: Hierro Total | C62: Mensual | D62: ˂ 1 mg/l | E62: 0.02
B63: Sulfito | C63: Diaria | D63: 30 - 60 mg/l | E63: 45 | F63: 51
B64: Fosfato | C64: Diaria | D64: 30 - 60 mg/l | E64: 60 | F64: 47.5
B65: TDS | C65: Diaria | D65: − | E65: 1334 | F65: 1440
A67: Caldera N°5 | B67: Alcalinidad +M en CaCO3 | C67: Semanal | D67: ≤ 700 mg/l
B68: Alcalinidad OH¯ en CaCO3 | C68: Semanal | D68: ≥ 40 mg/l
B69: Conductividad | C69: Diaria | D69: 1.100 - 1.500 uS/cm
B70: pH | C70: Diaria | D70: 10,5 - 11,9
B71: Sílice en SiO2 | C71: Semanal | D71: ≤ 150 mg/l
B72: Dureza Total en CaCO3 | C72: Semanal | D72: ˂ 3 mg/l
B73: Hierro Total | C73: Mensual | D73: ˂ 1 mg/l
B74: Sulfito | C74: Diaria | D74: 30 - 60 mg/l
B75: Fosfato | C75: Diaria | D75: 30 - 60 mg/l
B76: TDS | C76: Diaria | D76: −

Sheet  25-06-26
C2: VARIABLE DE CONTROL SISTEMA DE GENERACIÓN DE VAPOR " PLANTA SALSAS Y UNTABLES" | H2: Codigo: FOXXX-0704-MAN
H3: Fecha actualización: XX/XX/XXXX
H4: Versión: X
A6: NOMBRE DE LA PLANTA: Alimentos Polar Comercial, C.A. Salsas y Untables
A7: DIRECCIÓN: Avenida Luis Ernesto Branger, Zona Industrial Norte II, Parroquia Rafael Urdaneta, Valencia, Edo. Carabobo,
A8: Venezuela. Código postal 2001.
A11: FECHA: | B11: 46106 | C11: Nombre y Apellido | E11: Juan M | F11: Angel M | G11: Observaciones
A12: Area | B12: Variable de control | D12: Rango Operación | E12: 1er Turno | F12: 2do Turno
E13: 0.29166667 | F13: 0.79166667
A14: Alimentación Calderas | B14: Hierro Total | C14: Semanal | D14: ≤ 0,1 mg/l | E14: 0.95
B15: Temperatura | C15: Diaria | D15: ≥ 104 °C | E15: 91.7 | F15: 92.5
B16: Dureza Total en CaCO3 | C16: Diaria | D16: ≤ 0,3 mg/l | E16: 3.27
B17: Conductividad | C17: Semanal | D17: − | E17: 621
B18: pH | C18: Diaria | D18: 8,5 - 10,0 | E18: 7.4 | F18: 7.54
B19: Sílice en SiO2 | C19: Semanal | D19: − | E19: 40
B20: Alcalinidad +M en CaCO3 | C20: Semanal | D20: − | E20: 256
B21: Alcalinidad OH¯ en CaCO3 | C21: Semanal | D21: −
A23: Caldera N°1 | B23: Alcalinidad +M en CaCO3 | C23: Semanal | D23: ≤ 700 mg/l | E23: 1000
B24: Alcalinidad OH¯ en CaCO3 | C24: Semanal | D24: ≥ 40 mg/l | E24: 544
B25: Conductividad | C25: Diaria | D25: 1.100 - 1.500 uS/cm | E25: 3284
B26: pH | C26: Diaria | D26: 10,5 - 11,9 | E26: 11.42 | F26: 11.44
B27: Sílice en SiO2 | C27: Semanal | D27: ≤ 150 mg/l | E27: 125
B28: Dureza Total en CaCO3 | C28: Semanal | D28: ˂ 3 mg/l | E28: 2.89
B29: Hierro Total | C29: Mensual | D29: ˂ 1 mg/l | E29: 0.39
B30: Sulfito | C30: Diaria | D30: 30 - 60 mg/l | E30: 60 | F30: 56
B31: Fosfato | C31: Diaria | D31: 30 - 60 mg/l | E31: 35 | F31: 37.5
B32: TDS | C32: Diaria | D32: −
A34: Caldera N°2 | B34: Alcalinidad +M en CaCO3 | C34: Semanal | D34: ≤ 700 mg/l
B35: Alcalinidad OH¯ en CaCO3 | C35: Semanal | D35: ≥ 40 mg/l
B36: Conductividad | C36: Diaria | D36: 1.100 - 1.500 uS/cm | E36: 860
B37: pH | C37: Diaria | D37: 10,5 - 11,9 | E37: 10.71 | F37: 10.54
B38: Sílice en SiO2 | C38: Semanal | D38: ≤ 150 mg/l
B39: Dureza Total en CaCO3 | C39: Semanal | D39: ˂ 3 mg/l | E39: 1.75
B40: Hierro Total | C40: Mensual | D40: ˂ 1 mg/l | E40: 0.03
B41: Sulfito | C41: Diaria | D41: 30 - 60 mg/l | E41: 40 | F41: 44
B42: Fosfato | C42: Diaria | D42: 30 - 60 mg/l | E42: 30 | F42: 32.5
B43: TDS | C43: Diaria | D43: − | E43: 791
A45: Caldera N°3 | B45: Alcalinidad +M en CaCO3 | C45: Semanal | D45: ≤ 700 mg/l | E45: 624
B46: Alcalinidad OH¯ en CaCO3 | C46: Semanal | D46: ≥ 40 mg/l | E46: 344
B47: Conductividad | C47: Diaria | D47: 1.100 - 1.500 uS/cm | E47: 1980
B48: pH | C48: Diaria | D48: 10,5 - 11,9 | E48: 11.28 | F48: 11.2
B49: Sílice en SiO2 | C49: Semanal | D49: ≤ 150 mg/l | E49: 100
B50: Dureza Total en CaCO3 | C50: Semanal | D50: ˂ 3 mg/l | E50: 1.31
B51: Hierro Total | C51: Mensual | D51: ˂ 1 mg/l | E51: 0.58
B52: Sulfito | C52: Diaria | D52: 30 - 60 mg/l | E52: 30 | F52: 32
B53: Fosfato | C53: Diaria | D53: 30 - 60 mg/l | E53: 30 | F53: 35
B54: TDS | C54: Diaria | D54: −
A56: Caldera N°4 | B56: Alcalinidad +M en CaCO3 | C56: Semanal | D56: ≤ 700 mg/l | E56: 712
B57: Alcalinidad OH¯ en CaCO3 | C57: Semanal | D57: ≥ 40 mg/l | E57: 344
B58: Conductividad | C58: Diaria | D58: 1.100 - 1.500 uS/cm | E58: 2139
B59: pH | C59: Diaria | D59: 10,5 - 11,9 | E59: 11.38 | F59: 11.2
B60: Sílice en SiO2 | C60: Semanal | D60: ≤ 150 mg/l | E60: 110
B61: Dureza Total en CaCO3 | C61: Semanal | D61: ˂ 3 mg/l | E61: 1.49
B62: Hierro Total | C62: Mensual | D62: ˂ 1 mg/l | E62: 0.42
B63: Sulfito | C63: Diaria | D63: 30 - 60 mg/l | E63: 40 | F63: 44
B64: Fosfato | C64: Diaria | D64: 30 - 60 mg/l | E64: 30 | F64: 37.5
B65: TDS | C65: Diaria | D65: −
A67: Caldera N°5 | B67: Alcalinidad +M en CaCO3 | C67: Semanal | D67: ≤ 700 mg/l
B68: Alcalinidad OH¯ en CaCO3 | C68: Semanal | D68: ≥ 40 mg/l
B69: Conductividad | C69: Diaria | D69: 1.100 - 1.500 uS/cm
B70: pH | C70: Diaria | D70: 10,5 - 11,9
B71: Sílice en SiO2 | C71: Semanal | D71: ≤ 150 mg/l
B72: Dureza Total en CaCO3 | C72: Semanal | D72: ˂ 3 mg/l
B73: Hierro Total | C73: Mensual | D73: ˂ 1 mg/l
B74: Sulfito | C74: Diaria | D74: 30 - 60 mg/l
B75: Fosfato | C75: Diaria | D75: 30 - 60 mg/l
B76: TDS | C76: Diaria | D76: −

Sheet  26-03-26
C2: VARIABLE DE CONTROL SISTEMA DE GENERACIÓN DE VAPOR " PLANTA SALSAS Y UNTABLES" | H2: Codigo: FOXXX-0704-MAN
H3: Fecha actualización: XX/XX/XXXX
H4: Versión: X
A6: NOMBRE DE LA PLANTA: Alimentos Polar Comercial, C.A. Salsas y Untables
A7: DIRECCIÓN: Avenida Luis Ernesto Branger, Zona Industrial Norte II, Parroquia Rafael Urdaneta, Valencia, Edo. Carabobo,
A8: Venezuela. Código postal 2001.
A11: FECHA: | C11: Nombre y Apellido | G11: Observaciones
A12: Area | B12: Variable de control | D12: Rango Operación | E12: 1er Turno | F12: 2do Turno
E13: 0.29166667 | F13: 0.79166667
A14: Alimentación Calderas | B14: Hierro Total | C14: Semanal | D14: ≤ 0,1 mg/l
B15: Temperatura | C15: Diaria | D15: ≥ 104 °C
B16: Dureza Total en CaCO3 | C16: Diaria | D16: ≤ 0,3 mg/l
B17: Conductividad | C17: Semanal | D17: −
B18: pH | C18: Diaria | D18: 8,5 - 10,0
B19: Sílice en SiO2 | C19: Semanal | D19: −
B20: Alcalinidad +M en CaCO3 | C20: Semanal | D20: −
B21: Alcalinidad OH¯ en CaCO3 | C21: Semanal | D21: −
A23: Caldera N°1 | B23: Alcalinidad +M en CaCO3 | C23: Semanal | D23: ≤ 700 mg/l
B24: Alcalinidad OH¯ en CaCO3 | C24: Semanal | D24: ≥ 40 mg/l
B25: Conductividad | C25: Diaria | D25: 1.100 - 1.500 uS/cm
B26: pH | C26: Diaria | D26: 10,5 - 11,9
B27: Sílice en SiO2 | C27: Semanal | D27: ≤ 150 mg/l
B28: Dureza Total en CaCO3 | C28: Semanal | D28: ˂ 3 mg/l
B29: Hierro Total | C29: Mensual | D29: ˂ 1 mg/l
B30: Sulfito | C30: Diaria | D30: 30 - 60 mg/l
B31: Fosfato | C31: Diaria | D31: 30 - 60 mg/l
B32: TDS | C32: Diaria | D32: −
A34: Caldera N°2 | B34: Alcalinidad +M en CaCO3 | C34: Semanal | D34: ≤ 700 mg/l
B35: Alcalinidad OH¯ en CaCO3 | C35: Semanal | D35: ≥ 40 mg/l
B36: Conductividad | C36: Diaria | D36: 1.100 - 1.500 uS/cm
B37: pH | C37: Diaria | D37: 10,5 - 11,9
B38: Sílice en SiO2 | C38: Semanal | D38: ≤ 150 mg/l
B39: Dureza Total en CaCO3 | C39: Semanal | D39: ˂ 3 mg/l
B40: Hierro Total | C40: Mensual | D40: ˂ 1 mg/l
B41: Sulfito | C41: Diaria | D41: 30 - 60 mg/l
B42: Fosfato | C42: Diaria | D42: 30 - 60 mg/l
B43: TDS | C43: Diaria | D43: −
A45: Caldera N°3 | B45: Alcalinidad +M en CaCO3 | C45: Semanal | D45: ≤ 700 mg/l
B46: Alcalinidad OH¯ en CaCO3 | C46: Semanal | D46: ≥ 40 mg/l
B47: Conductividad | C47: Diaria | D47: 1.100 - 1.500 uS/cm
B48: pH | C48: Diaria | D48: 10,5 - 11,9
B49: Sílice en SiO2 | C49: Semanal | D49: ≤ 150 mg/l
B50: Dureza Total en CaCO3 | C50: Semanal | D50: ˂ 3 mg/l
B51: Hierro Total | C51: Mensual | D51: ˂ 1 mg/l
B52: Sulfito | C52: Diaria | D52: 30 - 60 mg/l
B53: Fosfato | C53: Diaria | D53: 30 - 60 mg/l
B54: TDS | C54: Diaria | D54: −
A56: Caldera N°4 | B56: Alcalinidad +M en CaCO3 | C56: Semanal | D56: ≤ 700 mg/l
B57: Alcalinidad OH¯ en CaCO3 | C57: Semanal | D57: ≥ 40 mg/l
B58: Conductividad | C58: Diaria | D58: 1.100 - 1.500 uS/cm
B59: pH | C59: Diaria | D59: 10,5 - 11,9
B60: Sílice en SiO2 | C60: Semanal | D60: ≤ 150 mg/l
B61: Dureza Total en CaCO3 | C61: Semanal | D61: ˂ 3 mg/l
B62: Hierro Total | C62: Mensual | D62: ˂ 1 mg/l
B63: Sulfito | C63: Diaria | D63: 30 - 60 mg/l
B64: Fosfato | C64: Diaria | D64: 30 - 60 mg/l
B65: TDS | C65: Diaria | D65: −
A67: Caldera N°5 | B67: Alcalinidad +M en CaCO3 | C67: Semanal | D67: ≤ 700 mg/l
B68: Alcalinidad OH¯ en CaCO3 | C68: Semanal | D68: ≥ 40 mg/l
B69: Conductividad | C69: Diaria | D69: 1.100 - 1.500 uS/cm
B70: pH | C70: Diaria | D70: 10,5 - 11,9
B71: Sílice en SiO2 | C71: Semanal | D71: ≤ 150 mg/l
B72: Dureza Total en CaCO3 | C72: Semanal | D72: ˂ 3 mg/l
B73: Hierro Total | C73: Mensual | D73: ˂ 1 mg/l
B74: Sulfito | C74: Diaria | D74: 30 - 60 mg/l
B75: Fosfato | C75: Diaria | D75: 30 - 60 mg/l
B76: TDS | C76: Diaria | D76: −

Sheet  27-03-26
C2: VARIABLE DE CONTROL SISTEMA DE GENERACIÓN DE VAPOR " PLANTA SALSAS Y UNTABLES" | H2: Codigo: FOXXX-0704-MAN
H3: Fecha actualización: XX/XX/XXXX
H4: Versión: X
A6: NOMBRE DE LA PLANTA: Alimentos Polar Comercial, C.A. Salsas y Untables
A7: DIRECCIÓN: Avenida Luis Ernesto Branger, Zona Industrial Norte II, Parroquia Rafael Urdaneta, Valencia, Edo. Carabobo,
A8: Venezuela. Código postal 2001.
A11: FECHA: | C11: Nombre y Apellido | G11: Observaciones
A12: Area | B12: Variable de control | D12: Rango Operación | E12: 1er Turno | F12: 2do Turno
E13: 0.29166667 | F13: 0.79166667
A14: Alimentación Calderas | B14: Hierro Total | C14: Semanal | D14: ≤ 0,1 mg/l
B15: Temperatura | C15: Diaria | D15: ≥ 104 °C
B16: Dureza Total en CaCO3 | C16: Diaria | D16: ≤ 0,3 mg/l
B17: Conductividad | C17: Semanal | D17: −
B18: pH | C18: Diaria | D18: 8,5 - 10,0
B19: Sílice en SiO2 | C19: Semanal | D19: −
B20: Alcalinidad +M en CaCO3 | C20: Semanal | D20: −
B21: Alcalinidad OH¯ en CaCO3 | C21: Semanal | D21: −
A23: Caldera N°1 | B23: Alcalinidad +M en CaCO3 | C23: Semanal | D23: ≤ 700 mg/l
B24: Alcalinidad OH¯ en CaCO3 | C24: Semanal | D24: ≥ 40 mg/l
B25: Conductividad | C25: Diaria | D25: 1.100 - 1.500 uS/cm
B26: pH | C26: Diaria | D26: 10,5 - 11,9
B27: Sílice en SiO2 | C27: Semanal | D27: ≤ 150 mg/l
B28: Dureza Total en CaCO3 | C28: Semanal | D28: ˂ 3 mg/l
B29: Hierro Total | C29: Mensual | D29: ˂ 1 mg/l
B30: Sulfito | C30: Diaria | D30: 30 - 60 mg/l
B31: Fosfato | C31: Diaria | D31: 30 - 60 mg/l
B32: TDS | C32: Diaria | D32: −
A34: Caldera N°2 | B34: Alcalinidad +M en CaCO3 | C34: Semanal | D34: ≤ 700 mg/l
B35: Alcalinidad OH¯ en CaCO3 | C35: Semanal | D35: ≥ 40 mg/l
B36: Conductividad | C36: Diaria | D36: 1.100 - 1.500 uS/cm
B37: pH | C37: Diaria | D37: 10,5 - 11,9
B38: Sílice en SiO2 | C38: Semanal | D38: ≤ 150 mg/l
B39: Dureza Total en CaCO3 | C39: Semanal | D39: ˂ 3 mg/l
B40: Hierro Total | C40: Mensual | D40: ˂ 1 mg/l
B41: Sulfito | C41: Diaria | D41: 30 - 60 mg/l
B42: Fosfato | C42: Diaria | D42: 30 - 60 mg/l
B43: TDS | C43: Diaria | D43: −
A45: Caldera N°3 | B45: Alcalinidad +M en CaCO3 | C45: Semanal | D45: ≤ 700 mg/l
B46: Alcalinidad OH¯ en CaCO3 | C46: Semanal | D46: ≥ 40 mg/l
B47: Conductividad | C47: Diaria | D47: 1.100 - 1.500 uS/cm
B48: pH | C48: Diaria | D48: 10,5 - 11,9
B49: Sílice en SiO2 | C49: Semanal | D49: ≤ 150 mg/l
B50: Dureza Total en CaCO3 | C50: Semanal | D50: ˂ 3 mg/l
B51: Hierro Total | C51: Mensual | D51: ˂ 1 mg/l
B52: Sulfito | C52: Diaria | D52: 30 - 60 mg/l
B53: Fosfato | C53: Diaria | D53: 30 - 60 mg/l
B54: TDS | C54: Diaria | D54: −
A56: Caldera N°4 | B56: Alcalinidad +M en CaCO3 | C56: Semanal | D56: ≤ 700 mg/l
B57: Alcalinidad OH¯ en CaCO3 | C57: Semanal | D57: ≥ 40 mg/l
B58: Conductividad | C58: Diaria | D58: 1.100 - 1.500 uS/cm
B59: pH | C59: Diaria | D59: 10,5 - 11,9
B60: Sílice en SiO2 | C60: Semanal | D60: ≤ 150 mg/l
B61: Dureza Total en CaCO3 | C61: Semanal | D61: ˂ 3 mg/l
B62: Hierro Total | C62: Mensual | D62: ˂ 1 mg/l
B63: Sulfito | C63: Diaria | D63: 30 - 60 mg/l
B64: Fosfato | C64: Diaria | D64: 30 - 60 mg/l
B65: TDS | C65: Diaria | D65: −
A67: Caldera N°5 | B67: Alcalinidad +M en CaCO3 | C67: Semanal | D67: ≤ 700 mg/l
B68: Alcalinidad OH¯ en CaCO3 | C68: Semanal | D68: ≥ 40 mg/l
B69: Conductividad | C69: Diaria | D69: 1.100 - 1.500 uS/cm
B70: pH | C70: Diaria | D70: 10,5 - 11,9
B71: Sílice en SiO2 | C71: Semanal | D71: ≤ 150 mg/l
B72: Dureza Total en CaCO3 | C72: Semanal | D72: ˂ 3 mg/l
B73: Hierro Total | C73: Mensual | D73: ˂ 1 mg/l
B74: Sulfito | C74: Diaria | D74: 30 - 60 mg/l
B75: Fosfato | C75: Diaria | D75: 30 - 60 mg/l
B76: TDS | C76: Diaria | D76: −

Sheet  28-03-26
C2: VARIABLE DE CONTROL SISTEMA DE GENERACIÓN DE VAPOR " PLANTA SALSAS Y UNTABLES" | H2: Codigo: FOXXX-0704-MAN
H3: Fecha actualización: XX/XX/XXXX
H4: Versión: X
A6: NOMBRE DE LA PLANTA: Alimentos Polar Comercial, C.A. Salsas y Untables
A7: DIRECCIÓN: Avenida Luis Ernesto Branger, Zona Industrial Norte II, Parroquia Rafael Urdaneta, Valencia, Edo. Carabobo,
A8: Venezuela. Código postal 2001.
A11: FECHA: | B11: 46109 | C11: Nombre y Apellido | E11: Yan C | F11: Osman A | G11: Observaciones
A12: Area | B12: Variable de control | D12: Rango Operación | E12: 1er Turno | F12: 2do Turno
E13: 0.29166667 | F13: 0.79166667
A14: Alimentación Calderas | B14: Hierro Total | C14: Semanal | D14: ≤ 0,1 mg/l
B15: Temperatura | C15: Diaria | D15: ≥ 104 °C | E15: 93.3 | F15: 92.5
B16: Dureza Total en CaCO3 | C16: Diaria | D16: ≤ 0,3 mg/l | E16: 0
B17: Conductividad | C17: Semanal | D17: − | E17: 612
B18: pH | C18: Diaria | D18: 8,5 - 10,0 | E18: 7.66 | F18: 7.79
B19: Sílice en SiO2 | C19: Semanal | D19: −
B20: Alcalinidad +M en CaCO3 | C20: Semanal | D20: −
B21: Alcalinidad OH¯ en CaCO3 | C21: Semanal | D21: −
A23: Caldera N°1 | B23: Alcalinidad +M en CaCO3 | C23: Semanal | D23: ≤ 700 mg/l
B24: Alcalinidad OH¯ en CaCO3 | C24: Semanal | D24: ≥ 40 mg/l
B25: Conductividad | C25: Diaria | D25: 1.100 - 1.500 uS/cm | E25: 3155 | F25: 3325
B26: pH | C26: Diaria | D26: 10,5 - 11,9 | E26: 11.8 | F26: 11.79
B27: Sílice en SiO2 | C27: Semanal | D27: ≤ 150 mg/l
B28: Dureza Total en CaCO3 | C28: Semanal | D28: ˂ 3 mg/l
B29: Hierro Total | C29: Mensual | D29: ˂ 1 mg/l
B30: Sulfito | C30: Diaria | D30: 30 - 60 mg/l | E30: 71 | F30: 60
B31: Fosfato | C31: Diaria | D31: 30 - 60 mg/l | E31: 32.5 | F31: 62.5
B32: TDS | C32: Diaria | D32: − | E32: 2336 | F32: 2478
A34: Caldera N°2 | B34: Alcalinidad +M en CaCO3 | C34: Semanal | D34: ≤ 700 mg/l
B35: Alcalinidad OH¯ en CaCO3 | C35: Semanal | D35: ≥ 40 mg/l
B36: Conductividad | C36: Diaria | D36: 1.100 - 1.500 uS/cm | E36: 1201 | F36: 3230
B37: pH | C37: Diaria | D37: 10,5 - 11,9 | E37: 10.53 | F37: 11.62
B38: Sílice en SiO2 | C38: Semanal | D38: ≤ 150 mg/l
B39: Dureza Total en CaCO3 | C39: Semanal | D39: ˂ 3 mg/l
B40: Hierro Total | C40: Mensual | D40: ˂ 1 mg/l
B41: Sulfito | C41: Diaria | D41: 30 - 60 mg/l | E41: 31 | F41: 52
B42: Fosfato | C42: Diaria | D42: 30 - 60 mg/l | E42: 12.5 | F42: 57.5
B43: TDS | C43: Diaria | D43: − | E43: 837 | F43: 2402
A45: Caldera N°3 | B45: Alcalinidad +M en CaCO3 | C45: Semanal | D45: ≤ 700 mg/l
B46: Alcalinidad OH¯ en CaCO3 | C46: Semanal | D46: ≥ 40 mg/l
B47: Conductividad | C47: Diaria | D47: 1.100 - 1.500 uS/cm | E47: 2216
B48: pH | C48: Diaria | D48: 10,5 - 11,9 | E48: 11.58
B49: Sílice en SiO2 | C49: Semanal | D49: ≤ 150 mg/l
B50: Dureza Total en CaCO3 | C50: Semanal | D50: ˂ 3 mg/l
B51: Hierro Total | C51: Mensual | D51: ˂ 1 mg/l
B52: Sulfito | C52: Diaria | D52: 30 - 60 mg/l | E52: 66
B53: Fosfato | C53: Diaria | D53: 30 - 60 mg/l | E53: 20
B54: TDS | C54: Diaria | D54: − | E54: 1604
A56: Caldera N°4 | B56: Alcalinidad +M en CaCO3 | C56: Semanal | D56: ≤ 700 mg/l
B57: Alcalinidad OH¯ en CaCO3 | C57: Semanal | D57: ≥ 40 mg/l
B58: Conductividad | C58: Diaria | D58: 1.100 - 1.500 uS/cm | E58: 2482
B59: pH | C59: Diaria | D59: 10,5 - 11,9 | E59: 11.72
B60: Sílice en SiO2 | C60: Semanal | D60: ≤ 150 mg/l
B61: Dureza Total en CaCO3 | C61: Semanal | D61: ˂ 3 mg/l
B62: Hierro Total | C62: Mensual | D62: ˂ 1 mg/l
B63: Sulfito | C63: Diaria | D63: 30 - 60 mg/l | E63: 66 | F63: 58
B64: Fosfato | C64: Diaria | D64: 30 - 60 mg/l | E64: 25 | F64: 30
B65: TDS | C65: Diaria | D65: − | E65: 1817 | F65: 2026
A67: Caldera N°5 | B67: Alcalinidad +M en CaCO3 | C67: Semanal | D67: ≤ 700 mg/l
B68: Alcalinidad OH¯ en CaCO3 | C68: Semanal | D68: ≥ 40 mg/l
B69: Conductividad | C69: Diaria | D69: 1.100 - 1.500 uS/cm
B70: pH | C70: Diaria | D70: 10,5 - 11,9
B71: Sílice en SiO2 | C71: Semanal | D71: ≤ 150 mg/l
B72: Dureza Total en CaCO3 | C72: Semanal | D72: ˂ 3 mg/l
B73: Hierro Total | C73: Mensual | D73: ˂ 1 mg/l
B74: Sulfito | C74: Diaria | D74: 30 - 60 mg/l
B75: Fosfato | C75: Diaria | D75: 30 - 60 mg/l
B76: TDS | C76: Diaria | D76: −

Sheet  29-03-26
C2: VARIABLE DE CONTROL SISTEMA DE GENERACIÓN DE VAPOR " PLANTA SALSAS Y UNTABLES" | H2: Codigo: FOXXX-0704-MAN
H3: Fecha actualización: XX/XX/XXXX
H4: Versión: X
A6: NOMBRE DE LA PLANTA: Alimentos Polar Comercial, C.A. Salsas y Untables
A7: DIRECCIÓN: Avenida Luis Ernesto Branger, Zona Industrial Norte II, Parroquia Rafael Urdaneta, Valencia, Edo. Carabobo,
A8: Venezuela. Código postal 2001.
A11: FECHA: | B11: 46110 | C11: Nombre y Apellido | E11: Yan C | G11: Observaciones
A12: Area | B12: Variable de control | D12: Rango Operación | E12: 1er Turno | F12: 2do Turno
E13: 0.29166667 | F13: 0.79166667
A14: Alimentación Calderas | B14: Hierro Total | C14: Semanal | D14: ≤ 0,1 mg/l
B15: Temperatura | C15: Diaria | D15: ≥ 104 °C | E15: 93.8
B16: Dureza Total en CaCO3 | C16: Diaria | D16: ≤ 0,3 mg/l | E16: 0
B17: Conductividad | C17: Semanal | D17: − | E17: 626
B18: pH | C18: Diaria | D18: 8,5 - 10,0 | E18: 7.52
B19: Sílice en SiO2 | C19: Semanal | D19: −
B20: Alcalinidad +M en CaCO3 | C20: Semanal | D20: −
B21: Alcalinidad OH¯ en CaCO3 | C21: Semanal | D21: −
A23: Caldera N°1 | B23: Alcalinidad +M en CaCO3 | C23: Semanal | D23: ≤ 700 mg/l
B24: Alcalinidad OH¯ en CaCO3 | C24: Semanal | D24: ≥ 40 mg/l
B25: Conductividad | C25: Diaria | D25: 1.100 - 1.500 uS/cm | E25: 3470
B26: pH | C26: Diaria | D26: 10,5 - 11,9 | E26: 11.74
B27: Sílice en SiO2 | C27: Semanal | D27: ≤ 150 mg/l
B28: Dureza Total en CaCO3 | C28: Semanal | D28: ˂ 3 mg/l
B29: Hierro Total | C29: Mensual | D29: ˂ 1 mg/l
B30: Sulfito | C30: Diaria | D30: 30 - 60 mg/l | E30: 106
B31: Fosfato | C31: Diaria | D31: 30 - 60 mg/l | E31: 47.5
B32: TDS | C32: Diaria | D32: −
A34: Caldera N°2 | B34: Alcalinidad +M en CaCO3 | C34: Semanal | D34: ≤ 700 mg/l
B35: Alcalinidad OH¯ en CaCO3 | C35: Semanal | D35: ≥ 40 mg/l
B36: Conductividad | C36: Diaria | D36: 1.100 - 1.500 uS/cm | E36: 1461
B37: pH | C37: Diaria | D37: 10,5 - 11,9 | E37: 10.74
B38: Sílice en SiO2 | C38: Semanal | D38: ≤ 150 mg/l
B39: Dureza Total en CaCO3 | C39: Semanal | D39: ˂ 3 mg/l
B40: Hierro Total | C40: Mensual | D40: ˂ 1 mg/l
B41: Sulfito | C41: Diaria | D41: 30 - 60 mg/l | E41: 30
B42: Fosfato | C42: Diaria | D42: 30 - 60 mg/l | E42: 22.5
B43: TDS | C43: Diaria | D43: − | E43: 1016
A45: Caldera N°3 | B45: Alcalinidad +M en CaCO3 | C45: Semanal | D45: ≤ 700 mg/l
B46: Alcalinidad OH¯ en CaCO3 | C46: Semanal | D46: ≥ 40 mg/l
B47: Conductividad | C47: Diaria | D47: 1.100 - 1.500 uS/cm | E47: 671
B48: pH | C48: Diaria | D48: 10,5 - 11,9 | E48: 6.38
B49: Sílice en SiO2 | C49: Semanal | D49: ≤ 150 mg/l
B50: Dureza Total en CaCO3 | C50: Semanal | D50: ˂ 3 mg/l
B51: Hierro Total | C51: Mensual | D51: ˂ 1 mg/l
B52: Sulfito | C52: Diaria | D52: 30 - 60 mg/l | E52: 31
B53: Fosfato | C53: Diaria | D53: 30 - 60 mg/l | E53: 20
B54: TDS | C54: Diaria | D54: − | E54: 450
A56: Caldera N°4 | B56: Alcalinidad +M en CaCO3 | C56: Semanal | D56: ≤ 700 mg/l
B57: Alcalinidad OH¯ en CaCO3 | C57: Semanal | D57: ≥ 40 mg/l
B58: Conductividad | C58: Diaria | D58: 1.100 - 1.500 uS/cm | E58: 2495
B59: pH | C59: Diaria | D59: 10,5 - 11,9 | E59: 11.52
B60: Sílice en SiO2 | C60: Semanal | D60: ≤ 150 mg/l
B61: Dureza Total en CaCO3 | C61: Semanal | D61: ˂ 3 mg/l
B62: Hierro Total | C62: Mensual | D62: ˂ 1 mg/l
B63: Sulfito | C63: Diaria | D63: 30 - 60 mg/l | E63: 65
B64: Fosfato | C64: Diaria | D64: 30 - 60 mg/l | E64: 35
B65: TDS | C65: Diaria | D65: −
A67: Caldera N°5 | B67: Alcalinidad +M en CaCO3 | C67: Semanal | D67: ≤ 700 mg/l
B68: Alcalinidad OH¯ en CaCO3 | C68: Semanal | D68: ≥ 40 mg/l
B69: Conductividad | C69: Diaria | D69: 1.100 - 1.500 uS/cm
B70: pH | C70: Diaria | D70: 10,5 - 11,9
B71: Sílice en SiO2 | C71: Semanal | D71: ≤ 150 mg/l
B72: Dureza Total en CaCO3 | C72: Semanal | D72: ˂ 3 mg/l
B73: Hierro Total | C73: Mensual | D73: ˂ 1 mg/l
B74: Sulfito | C74: Diaria | D74: 30 - 60 mg/l
B75: Fosfato | C75: Diaria | D75: 30 - 60 mg/l
B76: TDS | C76: Diaria | D76: −

Sheet  30-03-26
C2: VARIABLE DE CONTROL SISTEMA DE GENERACIÓN DE VAPOR " PLANTA SALSAS Y UNTABLES" | H2: Codigo: FOXXX-0704-MAN
H3: Fecha actualización: XX/XX/XXXX
H4: Versión: X
A6: NOMBRE DE LA PLANTA: Alimentos Polar Comercial, C.A. Salsas y Untables
A7: DIRECCIÓN: Avenida Luis Ernesto Branger, Zona Industrial Norte II, Parroquia Rafael Urdaneta, Valencia, Edo. Carabobo,
A8: Venezuela. Código postal 2001.
A11: FECHA: | C11: Nombre y Apellido | G11: Observaciones
A12: Area | B12: Variable de control | D12: Rango Operación | E12: 1er Turno | F12: 2do Turno
E13: 0.29166667 | F13: 0.79166667
A14: Alimentación Calderas | B14: Hierro Total | C14: Semanal | D14: ≤ 0,1 mg/l
B15: Temperatura | C15: Diaria | D15: ≥ 104 °C
B16: Dureza Total en CaCO3 | C16: Diaria | D16: ≤ 0,3 mg/l
B17: Conductividad | C17: Semanal | D17: −
B18: pH | C18: Diaria | D18: 8,5 - 10,0
B19: Sílice en SiO2 | C19: Semanal | D19: −
B20: Alcalinidad +M en CaCO3 | C20: Semanal | D20: −
B21: Alcalinidad OH¯ en CaCO3 | C21: Semanal | D21: −
A23: Caldera N°1 | B23: Alcalinidad +M en CaCO3 | C23: Semanal | D23: ≤ 700 mg/l
B24: Alcalinidad OH¯ en CaCO3 | C24: Semanal | D24: ≥ 40 mg/l
B25: Conductividad | C25: Diaria | D25: 1.100 - 1.500 uS/cm
B26: pH | C26: Diaria | D26: 10,5 - 11,9
B27: Sílice en SiO2 | C27: Semanal | D27: ≤ 150 mg/l
B28: Dureza Total en CaCO3 | C28: Semanal | D28: ˂ 3 mg/l
B29: Hierro Total | C29: Mensual | D29: ˂ 1 mg/l
B30: Sulfito | C30: Diaria | D30: 30 - 60 mg/l
B31: Fosfato | C31: Diaria | D31: 30 - 60 mg/l
B32: TDS | C32: Diaria | D32: −
A34: Caldera N°2 | B34: Alcalinidad +M en CaCO3 | C34: Semanal | D34: ≤ 700 mg/l
B35: Alcalinidad OH¯ en CaCO3 | C35: Semanal | D35: ≥ 40 mg/l
B36: Conductividad | C36: Diaria | D36: 1.100 - 1.500 uS/cm
B37: pH | C37: Diaria | D37: 10,5 - 11,9
B38: Sílice en SiO2 | C38: Semanal | D38: ≤ 150 mg/l
B39: Dureza Total en CaCO3 | C39: Semanal | D39: ˂ 3 mg/l
B40: Hierro Total | C40: Mensual | D40: ˂ 1 mg/l
B41: Sulfito | C41: Diaria | D41: 30 - 60 mg/l
B42: Fosfato | C42: Diaria | D42: 30 - 60 mg/l
B43: TDS | C43: Diaria | D43: −
A45: Caldera N°3 | B45: Alcalinidad +M en CaCO3 | C45: Semanal | D45: ≤ 700 mg/l
B46: Alcalinidad OH¯ en CaCO3 | C46: Semanal | D46: ≥ 40 mg/l
B47: Conductividad | C47: Diaria | D47: 1.100 - 1.500 uS/cm
B48: pH | C48: Diaria | D48: 10,5 - 11,9
B49: Sílice en SiO2 | C49: Semanal | D49: ≤ 150 mg/l
B50: Dureza Total en CaCO3 | C50: Semanal | D50: ˂ 3 mg/l
B51: Hierro Total | C51: Mensual | D51: ˂ 1 mg/l
B52: Sulfito | C52: Diaria | D52: 30 - 60 mg/l
B53: Fosfato | C53: Diaria | D53: 30 - 60 mg/l
B54: TDS | C54: Diaria | D54: −
A56: Caldera N°4 | B56: Alcalinidad +M en CaCO3 | C56: Semanal | D56: ≤ 700 mg/l
B57: Alcalinidad OH¯ en CaCO3 | C57: Semanal | D57: ≥ 40 mg/l
B58: Conductividad | C58: Diaria | D58: 1.100 - 1.500 uS/cm
B59: pH | C59: Diaria | D59: 10,5 - 11,9
B60: Sílice en SiO2 | C60: Semanal | D60: ≤ 150 mg/l
B61: Dureza Total en CaCO3 | C61: Semanal | D61: ˂ 3 mg/l
B62: Hierro Total | C62: Mensual | D62: ˂ 1 mg/l
B63: Sulfito | C63: Diaria | D63: 30 - 60 mg/l
B64: Fosfato | C64: Diaria | D64: 30 - 60 mg/l
B65: TDS | C65: Diaria | D65: −
A67: Caldera N°5 | B67: Alcalinidad +M en CaCO3 | C67: Semanal | D67: ≤ 700 mg/l
B68: Alcalinidad OH¯ en CaCO3 | C68: Semanal | D68: ≥ 40 mg/l
B69: Conductividad | C69: Diaria | D69: 1.100 - 1.500 uS/cm
B70: pH | C70: Diaria | D70: 10,5 - 11,9
B71: Sílice en SiO2 | C71: Semanal | D71: ≤ 150 mg/l
B72: Dureza Total en CaCO3 | C72: Semanal | D72: ˂ 3 mg/l
B73: Hierro Total | C73: Mensual | D73: ˂ 1 mg/l
B74: Sulfito | C74: Diaria | D74: 30 - 60 mg/l
B75: Fosfato | C75: Diaria | D75: 30 - 60 mg/l
B76: TDS | C76: Diaria | D76: −

Sheet  31-03-26
C2: VARIABLE DE CONTROL SISTEMA DE GENERACIÓN DE VAPOR " PLANTA SALSAS Y UNTABLES" | H2: Codigo: FOXXX-0704-MAN
H3: Fecha actualización: XX/XX/XXXX
H4: Versión: X
A6: NOMBRE DE LA PLANTA: Alimentos Polar Comercial, C.A. Salsas y Untables
A7: DIRECCIÓN: Avenida Luis Ernesto Branger, Zona Industrial Norte II, Parroquia Rafael Urdaneta, Valencia, Edo. Carabobo,
A8: Venezuela. Código postal 2001.
A11: FECHA: | C11: Nombre y Apellido | G11: Observaciones
A12: Area | B12: Variable de control | D12: Rango Operación | E12: 1er Turno | F12: 2do Turno
E13: 0.29166667 | F13: 0.79166667
A14: Alimentación Calderas | B14: Hierro Total | C14: Semanal | D14: ≤ 0,1 mg/l
B15: Temperatura | C15: Diaria | D15: ≥ 104 °C
B16: Dureza Total en CaCO3 | C16: Diaria | D16: ≤ 0,3 mg/l
B17: Conductividad | C17: Semanal | D17: −
B18: pH | C18: Diaria | D18: 8,5 - 10,0
B19: Sílice en SiO2 | C19: Semanal | D19: −
B20: Alcalinidad +M en CaCO3 | C20: Semanal | D20: −
B21: Alcalinidad OH¯ en CaCO3 | C21: Semanal | D21: −
A23: Caldera N°1 | B23: Alcalinidad +M en CaCO3 | C23: Semanal | D23: ≤ 700 mg/l
B24: Alcalinidad OH¯ en CaCO3 | C24: Semanal | D24: ≥ 40 mg/l
B25: Conductividad | C25: Diaria | D25: 1.100 - 1.500 uS/cm
B26: pH | C26: Diaria | D26: 10,5 - 11,9
B27: Sílice en SiO2 | C27: Semanal | D27: ≤ 150 mg/l
B28: Dureza Total en CaCO3 | C28: Semanal | D28: ˂ 3 mg/l
B29: Hierro Total | C29: Mensual | D29: ˂ 1 mg/l
B30: Sulfito | C30: Diaria | D30: 30 - 60 mg/l
B31: Fosfato | C31: Diaria | D31: 30 - 60 mg/l
B32: TDS | C32: Diaria | D32: −
A34: Caldera N°2 | B34: Alcalinidad +M en CaCO3 | C34: Semanal | D34: ≤ 700 mg/l
B35: Alcalinidad OH¯ en CaCO3 | C35: Semanal | D35: ≥ 40 mg/l
B36: Conductividad | C36: Diaria | D36: 1.100 - 1.500 uS/cm
B37: pH | C37: Diaria | D37: 10,5 - 11,9
B38: Sílice en SiO2 | C38: Semanal | D38: ≤ 150 mg/l
B39: Dureza Total en CaCO3 | C39: Semanal | D39: ˂ 3 mg/l
B40: Hierro Total | C40: Mensual | D40: ˂ 1 mg/l
B41: Sulfito | C41: Diaria | D41: 30 - 60 mg/l
B42: Fosfato | C42: Diaria | D42: 30 - 60 mg/l
B43: TDS | C43: Diaria | D43: −
A45: Caldera N°3 | B45: Alcalinidad +M en CaCO3 | C45: Semanal | D45: ≤ 700 mg/l
B46: Alcalinidad OH¯ en CaCO3 | C46: Semanal | D46: ≥ 40 mg/l
B47: Conductividad | C47: Diaria | D47: 1.100 - 1.500 uS/cm
B48: pH | C48: Diaria | D48: 10,5 - 11,9
B49: Sílice en SiO2 | C49: Semanal | D49: ≤ 150 mg/l
B50: Dureza Total en CaCO3 | C50: Semanal | D50: ˂ 3 mg/l
B51: Hierro Total | C51: Mensual | D51: ˂ 1 mg/l
B52: Sulfito | C52: Diaria | D52: 30 - 60 mg/l
B53: Fosfato | C53: Diaria | D53: 30 - 60 mg/l
B54: TDS | C54: Diaria | D54: −
A56: Caldera N°4 | B56: Alcalinidad +M en CaCO3 | C56: Semanal | D56: ≤ 700 mg/l
B57: Alcalinidad OH¯ en CaCO3 | C57: Semanal | D57: ≥ 40 mg/l
B58: Conductividad | C58: Diaria | D58: 1.100 - 1.500 uS/cm
B59: pH | C59: Diaria | D59: 10,5 - 11,9
B60: Sílice en SiO2 | C60: Semanal | D60: ≤ 150 mg/l
B61: Dureza Total en CaCO3 | C61: Semanal | D61: ˂ 3 mg/l
B62: Hierro Total | C62: Mensual | D62: ˂ 1 mg/l
B63: Sulfito | C63: Diaria | D63: 30 - 60 mg/l
B64: Fosfato | C64: Diaria | D64: 30 - 60 mg/l
B65: TDS | C65: Diaria | D65: −
A67: Caldera N°5 | B67: Alcalinidad +M en CaCO3 | C67: Semanal | D67: ≤ 700 mg/l
B68: Alcalinidad OH¯ en CaCO3 | C68: Semanal | D68: ≥ 40 mg/l
B69: Conductividad | C69: Diaria | D69: 1.100 - 1.500 uS/cm
B70: pH | C70: Diaria | D70: 10,5 - 11,9
B71: Sílice en SiO2 | C71: Semanal | D71: ≤ 150 mg/l
B72: Dureza Total en CaCO3 | C72: Semanal | D72: ˂ 3 mg/l
B73: Hierro Total | C73: Mensual | D73: ˂ 1 mg/l
B74: Sulfito | C74: Diaria | D74: 30 - 60 mg/l
B75: Fosfato | C75: Diaria | D75: 30 - 60 mg/l
B76: TDS | C76: Diaria | D76: −

Sheet  Calderas
C2: VARIABLE DE CONTROL SISTEMA GENERACIÓN DE VAPOR | J2: Codigo: FOXXX-0704-MAN
J3: Fecha actualización: XX/XX/XXXX
C4: " PLANTA SALSAS Y UNTABLES" | J4: Versión: X
A6: NOMBRE DE LA PLANTA: Alimentos Polar Comercial, C.A. Salsas y Untables
A7: DIRECCIÓN: Avenida Luis Ernesto Branger, Zona Industrial Norte II, Parroquia Rafael Urdaneta, Valencia, Edo. Carabobo,
A8: Venezuela. Código postal 2001.
H9: TRUE
C11: Fecha | E11: =' 01-03-26'!B11 -> 46082 | G11: =' 02-03-26'!B11 -> 46083 | I11: =' 03-03-26'!B11 -> 46084 | K11: =' 04-03-26'!B11 -> 46085 | M11: =' 05-03-26'!B11 -> 46086 | O11: =' 06-03-26'!B11 -> 46087 | Q11: =' 07-03-26'!B11 -> 46088 | S11: =' 08-03-26'!B11 -> 46089 | U11: =' 09-03-26'!B11 -> 46090 | W11: =' 10-03-26'!B11 -> 46091 | Y11: =' 11-03-26'!B11 -> 46092 | AA11: =' 12-03-26'!B11 -> 0 | AC11: =' 13-03-26'!B11 -> 0 | AE11: =' 14-03-26'!B11 -> 46095 | AG11: =' 15-03-26'!B11 -> 0 | AI11: =' 16-03-26'!B11 -> 46097 | AK11: =' 17-03-26'!B11 -> 46098 | AM11: =' 18-03-26'!B11 -> 46099 | AO11: =' 19-03-26'!B11 -> 46100 | AQ11: =' 20-03-26'!B11 -> 46101 | AS11: =' 21-03-26'!B11 -> 46102 | AU11: =' 22-03-26'!B11 -> 46103 | AW11: =' 23-03-26'!B11 -> 46104 | AY11: =' 24-03-26'!B11 -> 46105 | BA11: =' 25-06-26'!B11 -> 46106 | BC11: =' 26-03-26'!B11 -> 0 | BE11: =' 27-03-26'!B11 -> 0 | BG11: =' 28-03-26'!B11 -> 46109 | BI11: =' 29-03-26'!B11 -> 46110 | BK11: =' 30-03-26'!B11 -> 0 | BM11: =' 31-03-26'!B11 -> 0
C12: Nombre y Apellido | E12: =' 01-03-26'!E11 -> Eliezer D | F12: =' 01-03-26'!F11 -> Angel M | G12: =' 02-03-26'!E11 -> Osman A | H12: =' 02-03-26'!F11 -> Eliezer D | I12: =' 03-03-26'!E11 -> Osman A | J12: =' 03-03-26'!F11 -> Eliezer D | K12: =' 04-03-26'!E11 -> Arturo C | L12: =' 04-03-26'!F11 -> Osman A | M12: =' 05-03-26'!E11 -> Arturo C | N12: =' 05-03-26'!F11 -> Osman A | O12: =' 06-03-26'!E11 -> Angel M | P12: =' 06-03-26'!F11 -> Arturo C | Q12: =' 07-03-26'!E11 -> Angel M | R12: =' 07-03-26'!F11 -> Arturo C | S12: =' 08-03-26'!E11 -> Eliezer D | T12: =' 08-03-26'!F11 -> Angel M | U12: =' 09-03-26'!E11 -> Eliezer D | V12: =' 09-03-26'!F11 -> Angel M | W12: =' 10-03-26'!E11 -> Osman A | X12: =' 10-03-26'!F11 -> Eliezer D | Y12: =' 11-03-26'!E11 -> Osman A | Z12: =' 11-03-26'!F11 -> Eliezer D | AA12: =' 12-03-26'!E11 -> 0 | AB12: =' 12-03-26'!F11 -> 0 | AC12: =' 13-03-26'!E11 -> 0 | AD12: =' 13-03-26'!F11 -> 0 | AE12: =' 14-03-26'!E11 -> Angel M | AF12: =' 14-03-26'!F11 -> Arturo C | AG12: =' 15-03-26'!E11 -> 0 | AH12: =' 15-03-26'!F11 -> 0 | AI12: =' 16-03-26'!E11 -> Eliezer D | AJ12: =' 16-03-26'!F11 -> Angel M | AK12: =' 17-03-26'!E11 -> Eliezer D | AL12: =' 17-03-26'!F11 -> Angel M | AM12: =' 18-03-26'!E11 -> Osman A | AN12: =' 18-03-26'!F11 -> Eliezer D | AO12: =' 19-03-26'!E11 -> Osman A | AP12: =' 19-03-26'!F11 -> Eliezer D | AQ12: =' 20-03-26'!E11 -> Arturo C | AR12: =' 20-03-26'!F11 -> Osman A | AS12: =' 21-03-26'!E11 -> Arturo C | AT12: =' 21-03-26'!F11 -> Osman A | AU12: =' 22-03-26'!E11 -> Angel M | AV12: =' 22-03-26'!F11 -> Yan C | AW12: =' 23-03-26'!E11 -> Angel M | AX12: =' 23-03-26'!F11 -> Yan C | AY12: =' 24-03-26'!E11 -> Juan M | AZ12: =' 24-03-26'!F11 -> Angel M | BA12: =' 25-06-26'!E11 -> Juan M | BB12: =' 25-06-26'!F11 -> Angel M | BC12: =' 26-03-26'!E11 -> 0 | BD12: =' 26-03-26'!F11 -> 0 | BE12: =' 27-03-26'!E11 -> 0 | BF12: =' 27-03-26'!F11 -> 0 | BG12: =' 28-03-26'!E11 -> Yan C | BH12: =' 28-03-26'!F11 -> Osman A | BI12: =' 29-03-26'!E11 -> Yan C | BJ12: =' 29-03-26'!F11 -> 0 | BK12: =' 30-03-26'!E11 -> 0 | BL12: =' 30-03-26'!F11 -> 0 | BM12: =' 31-03-26'!E11 -> 0 | BN12: =' 31-03-26'!F11 -> 0
A13: Area | B13: Variable de control | D13: Rango Operación | E13: 1er Turno | F13: 2do Turno | G13: 1er Turno | H13: 2do Turno | I13: 1er Turno | J13: 2do Turno | K13: 1er Turno | L13: 2do Turno | M13: 1er Turno | N13: 2do Turno | O13: 1er Turno | P13: 2do Turno | Q13: 1er Turno | R13: 2do Turno | S13: 1er Turno | T13: 2do Turno | U13: 1er Turno | V13: 2do Turno | W13: 1er Turno | X13: 2do Turno | Y13: 1er Turno | Z13: 2do Turno | AA13: 1er Turno | AB13: 2do Turno | AC13: 1er Turno | AD13: 2do Turno | AE13: 1er Turno | AF13: 2do Turno | AG13: 1er Turno | AH13: 2do Turno | AI13: 1er Turno | AJ13: 2do Turno | AK13: 1er Turno | AL13: 2do Turno | AM13: 1er Turno | AN13: 2do Turno | AO13: 1er Turno | AP13: 2do Turno | AQ13: 1er Turno | AR13: 2do Turno | AS13: 1er Turno | AT13: 2do Turno | AU13: 1er Turno | AV13: 2do Turno | AW13: 1er Turno | AX13: 2do Turno | AY13: 1er Turno | AZ13: 2do Turno | BA13: 1er Turno | BB13: 2do Turno | BC13: 1er Turno | BD13: 2do Turno | BE13: 1er Turno | BF13: 2do Turno | BG13: 1er Turno | BH13: 2do Turno | BI13: 1er Turno | BJ13: 2do Turno | BK13: 1er Turno | BL13: 2do Turno | BM13: 1er Turno | BN13: 2do Turno
E14: 0.29166667 | F14: 0.79166667 | G14: 0.29166667 | H14: 0.79166667 | I14: 0.29166667 | J14: 0.79166667 | K14: 0.29166667 | L14: 0.79166667 | M14: 0.29166667 | N14: 0.79166667 | O14: 0.29166667 | P14: 0.79166667 | Q14: 0.29166667 | R14: 0.79166667 | S14: 0.29166667 | T14: 0.79166667 | U14: 0.29166667 | V14: 0.79166667 | W14: 0.29166667 | X14: 0.79166667 | Y14: 0.29166667 | Z14: 0.79166667 | AA14: 0.29166667 | AB14: 0.79166667 | AC14: 0.29166667 | AD14: 0.79166667 | AE14: 0.29166667 | AF14: 0.79166667 | AG14: 0.29166667 | AH14: 0.79166667 | AI14: 0.29166667 | AJ14: 0.79166667 | AK14: 0.29166667 | AL14: 0.79166667 | AM14: 0.29166667 | AN14: 0.79166667 | AO14: 0.29166667 | AP14: 0.79166667 | AQ14: 0.29166667 | AR14: 0.79166667 | AS14: 0.29166667 | AT14: 0.79166667 | AU14: 0.29166667 | AV14: 0.79166667 | AW14: 0.29166667 | AX14: 0.79166667 | AY14: 0.29166667 | AZ14: 0.79166667 | BA14: 0.29166667 | BB14: 0.79166667 | BC14: 0.29166667 | BD14: 0.79166667 | BE14: 0.29166667 | BF14: 0.79166667 | BG14: 0.29166667 | BH14: 0.79166667 | BI14: 0.29166667 | BJ14: 0.79166667 | BK14: 0.29166667 | BL14: 0.79166667 | BM14: 0.29166667 | BN14: 0.79166667
A15: Alimentación Calderas | B15: Hierro Total | C15: Semanal | D15: ≤ 0,1 mg/l | E15: =' 01-03-26'!E14 -> 0 | F15: =' 01-03-26'!F14 -> 0 | G15: =' 02-03-26'!E14 -> 0 | H15: =' 02-03-26'!F14 -> 0 | I15: =' 03-03-26'!E14 -> 0.39 | J15: =' 03-03-26'!F14 -> 0 | K15: =' 04-03-26'!E14 -> 0 | L15: =' 04-03-26'!F14 -> 0 | M15: =' 05-03-26'!E14 -> 0 | N15: =' 05-03-26'!F14 -> 0 | O15: =' 06-03-26'!E14 -> 0 | P15: =' 06-03-26'!F14 -> 0 | Q15: =' 07-03-26'!E14 -> 0 | R15: =' 07-03-26'!F14 -> 0 | S15: =' 08-03-26'!E14 -> 0 | T15: =' 08-03-26'!F14 -> 0 | U15: =' 09-03-26'!E14 -> 0 | V15: =' 09-03-26'!F14 -> 0 | W15: =' 10-03-26'!E14 -> 0 | X15: =' 10-03-26'!F14 -> 0 | Y15: =' 11-03-26'!E14 -> 0 | Z15: =' 11-03-26'!F14 -> 0 | AA15: =' 12-03-26'!E14 -> 0 | AB15: =' 12-03-26'!F14 -> 0 | AC15: =' 13-03-26'!E14 -> 0 | AD15: =' 13-03-26'!F14 -> 0 | AE15: =' 14-03-26'!E14 -> 0 | AF15: =' 14-03-26'!F14 -> 0 | AG15: =' 15-03-26'!E14 -> 0 | AH15: =' 15-03-26'!F14 -> 0 | AI15: =' 16-03-26'!E14 -> 0 | AJ15: =' 16-03-26'!F14 -> 0 | AK15: =' 17-03-26'!E14 -> 0 | AL15: =' 17-03-26'!F14 -> 0 | AM15: =' 18-03-26'!E14 -> 0 | AN15: =' 18-03-26'!F14 -> 0 | AO15: =' 19-03-26'!E14 -> 0 | AP15: =' 19-03-26'!F14 -> 0 | AQ15: =' 20-03-26'!E14 -> 0 | AR15: =' 20-03-26'!F14 -> 0 | AS15: =' 21-03-26'!E14 -> 0 | AT15: =' 21-03-26'!F14 -> 0 | AU15: =' 22-03-26'!E14 -> 0 | AV15: =' 22-03-26'!F14 -> 0 | AW15: =' 23-03-26'!E14 -> 0 | AX15: =' 23-03-26'!F14 -> 0 | AY15: =' 24-03-26'!E14 -> 0.15 | AZ15: =' 24-03-26'!F14 -> 0 | BA15: =' 25-06-26'!E14 -> 0.95 | BB15: =' 25-06-26'!F14 -> 0 | BC15: =' 26-03-26'!E14 -> 0 | BD15: =' 26-03-26'!F14 -> 0 | BE15: =' 27-03-26'!E14 -> 0 | BF15: =' 27-03-26'!F14 -> 0 | BG15: =' 28-03-26'!E14 -> 0 | BH15: =' 28-03-26'!F14 -> 0 | BI15: =' 29-03-26'!E14 -> 0 | BJ15: =' 29-03-26'!F14 -> 0 | BK15: =' 30-03-26'!E14 -> 0 | BL15: =' 30-03-26'!F14 -> 0 | BM15: =' 31-03-26'!E14 -> 0 | BN15: =' 31-03-26'!F14 -> 0
B16: Temperatura | C16: Diaria | D16: ≥ 104 °C | E16: =' 01-03-26'!E15 -> 93.4 | F16: =' 01-03-26'!F15 -> 98.5 | G16: =' 02-03-26'!E15 -> 91.4 | H16: =' 02-03-26'!F15 -> 93.1 | I16: =' 03-03-26'!E15 -> 92.2 | J16: =' 03-03-26'!F15 -> 91.2 | K16: =' 04-03-26'!E15 -> 91.6 | L16: =' 04-03-26'!F15 -> 92.4 | M16: =' 05-03-26'!E15 -> 93.8 | N16: =' 05-03-26'!F15 -> 93.2 | O16: =' 06-03-26'!E15 -> 93.4 | P16: =' 06-03-26'!F15 -> 92.2 | Q16: =' 07-03-26'!E15 -> 92.4 | R16: =' 07-03-26'!F15 -> 91.2 | S16: =' 08-03-26'!E15 -> 93.8 | T16: =' 08-03-26'!F15 -> 93.1 | U16: =' 09-03-26'!E15 -> 94.2 | V16: =' 09-03-26'!F15 -> 94.1 | W16: =' 10-03-26'!E15 -> 92.8 | X16: =' 10-03-26'!F15 -> 92 | Y16: =' 11-03-26'!E15 -> 91.6 | Z16: =' 11-03-26'!F15 -> 93.5 | AA16: =' 12-03-26'!E15 -> 0 | AB16: =' 12-03-26'!F15 -> 0 | AC16: =' 13-03-26'!E15 -> 0 | AD16: =' 13-03-26'!F15 -> 0 | AE16: =' 14-03-26'!E15 -> 93.4 | AF16: =' 14-03-26'!F15 -> 93.5 | AG16: =' 15-03-26'!E15 -> 0 | AH16: =' 15-03-26'!F15 -> 0 | AI16: =' 16-03-26'!E15 -> 0 | AJ16: =' 16-03-26'!F15 -> 0 | AK16: =' 17-03-26'!E15 -> 94.9 | AL16: =' 17-03-26'!F15 -> 93.6 | AM16: =' 18-03-26'!E15 -> 95.8 | AN16: =' 18-03-26'!F15 -> 92.4 | AO16: =' 19-03-26'!E15 -> 93 | AP16: =' 19-03-26'!F15 -> 92.3 | AQ16: =' 20-03-26'!E15 -> 92.7 | AR16: =' 20-03-26'!F15 -> 92.4 | AS16: =' 21-03-26'!E15 -> 92.9 | AT16: =' 21-03-26'!F15 -> 92.6 | AU16: =' 22-03-26'!E15 -> 93.6 | AV16: =' 22-03-26'!F15 -> 92.8 | AW16: =' 23-03-26'!E15 -> 90.9 | AX16: =' 23-03-26'!F15 -> 93.9 | AY16: =' 24-03-26'!E15 -> 94 | AZ16: =' 24-03-26'!F15 -> 93.5 | BA16: =' 25-06-26'!E15 -> 91.7 | BB16: =' 25-06-26'!F15 -> 92.5 | BC16: =' 26-03-26'!E15 -> 0 | BD16: =' 26-03-26'!F15 -> 0 | BE16: =' 27-03-26'!E15 -> 0 | BF16: =' 27-03-26'!F15 -> 0 | BG16: =' 28-03-26'!E15 -> 93.3 | BH16: =' 28-03-26'!F15 -> 92.5 | BI16: =' 29-03-26'!E15 -> 93.8 | BJ16: =' 29-03-26'!F15 -> 0 | BK16: =' 30-03-26'!E15 -> 0 | BL16: =' 30-03-26'!F15 -> 0 | BM16: =' 31-03-26'!E15 -> 0 | BN16: =' 31-03-26'!F15 -> 0
B17: Dureza Total en CaCO3 | C17: Diaria | D17: ≤ 0,3 mg/l | E17: =' 01-03-26'!E16 -> 0 | F17: =' 01-03-26'!F16 -> 0 | G17: =' 02-03-26'!E16 -> 0 | H17: =' 02-03-26'!F16 -> 0 | I17: =' 03-03-26'!E16 -> 2.54 | J17: =' 03-03-26'!F16 -> 0 | K17: =' 04-03-26'!E16 -> 0 | L17: =' 04-03-26'!F16 -> 0 | M17: =' 05-03-26'!E16 -> 0 | N17: =' 05-03-26'!F16 -> 0 | O17: =' 06-03-26'!E16 -> 0 | P17: =' 06-03-26'!F16 -> 0 | Q17: =' 07-03-26'!E16 -> 0 | R17: =' 07-03-26'!F16 -> 0 | S17: =' 08-03-26'!E16 -> 0 | T17: =' 08-03-26'!F16 -> 0 | U17: =' 09-03-26'!E16 -> 0 | V17: =' 09-03-26'!F16 -> 0 | W17: =' 10-03-26'!E16 -> 0 | X17: =' 10-03-26'!F16 -> 0 | Y17: =' 11-03-26'!E16 -> 0 | Z17: =' 11-03-26'!F16 -> 0 | AA17: =' 12-03-26'!E16 -> 0 | AB17: =' 12-03-26'!F16 -> 0 | AC17: =' 13-03-26'!E16 -> 0 | AD17: =' 13-03-26'!F16 -> 0 | AE17: =' 14-03-26'!E16 -> 0 | AF17: =' 14-03-26'!F16 -> 0 | AG17: =' 15-03-26'!E16 -> 0 | AH17: =' 15-03-26'!F16 -> 0 | AI17: =' 16-03-26'!E16 -> 0 | AJ17: =' 16-03-26'!F16 -> 0 | AK17: =' 17-03-26'!E16 -> 0 | AL17: =' 17-03-26'!F16 -> 0 | AM17: =' 18-03-26'!E16 -> 0 | AN17: =' 18-03-26'!F16 -> 0 | AO17: =' 19-03-26'!E16 -> 0 | AP17: =' 19-03-26'!F16 -> 0 | AQ17: =' 20-03-26'!E16 -> 0 | AR17: =' 20-03-26'!F16 -> 0 | AS17: =' 21-03-26'!E16 -> 0 | AT17: =' 21-03-26'!F16 -> 0 | AU17: =' 22-03-26'!E16 -> 0 | AV17: =' 22-03-26'!F16 -> 0 | AW17: =' 23-03-26'!E16 -> 0 | AX17: =' 23-03-26'!F16 -> 0 | AY17: =' 24-03-26'!E16 -> 0 | AZ17: =' 24-03-26'!F16 -> 0 | BA17: =' 25-06-26'!E16 -> 3.27 | BB17: =' 25-06-26'!F16 -> 0 | BC17: =' 26-03-26'!E16 -> 0 | BD17: =' 26-03-26'!F16 -> 0 | BE17: =' 27-03-26'!E16 -> 0 | BF17: =' 27-03-26'!F16 -> 0 | BG17: =' 28-03-26'!E16 -> 0 | BH17: =' 28-03-26'!F16 -> 0 | BI17: =' 29-03-26'!E16 -> 0 | BJ17: =' 29-03-26'!F16 -> 0 | BK17: =' 30-03-26'!E16 -> 0 | BL17: =' 30-03-26'!F16 -> 0 | BM17: =' 31-03-26'!E16 -> 0 | BN17: =' 31-03-26'!F16 -> 0
B18: Conductividad | C18: Semanal | D18: − | E18: =' 01-03-26'!E17 -> 0 | F18: =' 01-03-26'!F17 -> 0 | G18: =' 02-03-26'!E17 -> 673 | H18: =' 02-03-26'!F17 -> 0 | I18: =' 03-03-26'!E17 -> 598 | J18: =' 03-03-26'!F17 -> 0 | K18: =' 04-03-26'!E17 -> 617 | L18: =' 04-03-26'!F17 -> 632 | M18: =' 05-03-26'!E17 -> 598 | N18: =' 05-03-26'!F17 -> 610 | O18: =' 06-03-26'!E17 -> 560 | P18: =' 06-03-26'!F17 -> 603 | Q18: =' 07-03-26'!E17 -> 0 | R18: =' 07-03-26'!F17 -> 592 | S18: =' 08-03-26'!E17 -> 0 | T18: =' 08-03-26'!F17 -> 0 | U18: =' 09-03-26'!E17 -> 0 | V18: =' 09-03-26'!F17 -> 0 | W18: =' 10-03-26'!E17 -> 602 | X18: =' 10-03-26'!F17 -> 0 | Y18: =' 11-03-26'!E17 -> 0 | Z18: =' 11-03-26'!F17 -> 0 | AA18: =' 12-03-26'!E17 -> 0 | AB18: =' 12-03-26'!F17 -> 0 | AC18: =' 13-03-26'!E17 -> 0 | AD18: =' 13-03-26'!F17 -> 0 | AE18: =' 14-03-26'!E17 -> 539 | AF18: =' 14-03-26'!F17 -> 0 | AG18: =' 15-03-26'!E17 -> 0 | AH18: =' 15-03-26'!F17 -> 0 | AI18: =' 16-03-26'!E17 -> 0 | AJ18: =' 16-03-26'!F17 -> 0 | AK18: =' 17-03-26'!E17 -> 0 | AL18: =' 17-03-26'!F17 -> 0 | AM18: =' 18-03-26'!E17 -> 597 | AN18: =' 18-03-26'!F17 -> 0 | AO18: =' 19-03-26'!E17 -> 604 | AP18: =' 19-03-26'!F17 -> 0 | AQ18: =' 20-03-26'!E17 -> 586 | AR18: =' 20-03-26'!F17 -> 597 | AS18: =' 21-03-26'!E17 -> 617 | AT18: =' 21-03-26'!F17 -> 623 | AU18: =' 22-03-26'!E17 -> 0 | AV18: =' 22-03-26'!F17 -> 583 | AW18: =' 23-03-26'!E17 -> 0 | AX18: =' 23-03-26'!F17 -> 607 | AY18: =' 24-03-26'!E17 -> 619 | AZ18: =' 24-03-26'!F17 -> 0 | BA18: =' 25-06-26'!E17 -> 621 | BB18: =' 25-06-26'!F17 -> 0 | BC18: =' 26-03-26'!E17 -> 0 | BD18: =' 26-03-26'!F17 -> 0 | BE18: =' 27-03-26'!E17 -> 0 | BF18: =' 27-03-26'!F17 -> 0 | BG18: =' 28-03-26'!E17 -> 612 | BH18: =' 28-03-26'!F17 -> 0 | BI18: =' 29-03-26'!E17 -> 626 | BJ18: =' 29-03-26'!F17 -> 0 | BK18: =' 30-03-26'!E17 -> 0 | BL18: =' 30-03-26'!F17 -> 0 | BM18: =' 31-03-26'!E17 -> 0 | BN18: =' 31-03-26'!F17 -> 0
B19: pH | C19: Diaria | D19: 8,5 - 10,0 | E19: =' 01-03-26'!E18 -> 7.69 | F19: =' 01-03-26'!F18 -> 7.68 | G19: =' 02-03-26'!E18 -> 7.96 | H19: =' 02-03-26'!F18 -> 7.63 | I19: =' 03-03-26'!E18 -> 7.68 | J19: =' 03-03-26'!F18 -> 7.62 | K19: =' 04-03-26'!E18 -> 7.71 | L19: =' 04-03-26'!F18 -> 7.84 | M19: =' 05-03-26'!E18 -> 7.98 | N19: =' 05-03-26'!F18 -> 7.84 | O19: =' 06-03-26'!E18 -> 7.6 | P19: =' 06-03-26'!F18 -> 8.03 | Q19: =' 07-03-26'!E18 -> 7.42 | R19: =' 07-03-26'!F18 -> 7.94 | S19: =' 08-03-26'!E18 -> 7.62 | T19: =' 08-03-26'!F18 -> 7.73 | U19: =' 09-03-26'!E18 -> 7.63 | V19: =' 09-03-26'!F18 -> 7.67 | W19: =' 10-03-26'!E18 -> 7.87 | X19: =' 10-03-26'!F18 -> 7.69 | Y19: =' 11-03-26'!E18 -> 7.72 | Z19: =' 11-03-26'!F18 -> 7.69 | AA19: =' 12-03-26'!E18 -> 0 | AB19: =' 12-03-26'!F18 -> 0 | AC19: =' 13-03-26'!E18 -> 0 | AD19: =' 13-03-26'!F18 -> 0 | AE19: =' 14-03-26'!E18 -> 7.61 | AF19: =' 14-03-26'!F18 -> 7.96 | AG19: =' 15-03-26'!E18 -> 0 | AH19: =' 15-03-26'!F18 -> 0 | AI19: =' 16-03-26'!E18 -> 0 | AJ19: =' 16-03-26'!F18 -> 0 | AK19: =' 17-03-26'!E18 -> 7.68 | AL19: =' 17-03-26'!F18 -> 7.77 | AM19: =' 18-03-26'!E18 -> 7.91 | AN19: =' 18-03-26'!F18 -> 7.69 | AO19: =' 19-03-26'!E18 -> 7.73 | AP19: =' 19-03-26'!F18 -> 7.68 | AQ19: =' 20-03-26'!E18 -> 7.82 | AR19: =' 20-03-26'!F18 -> 7.72 | AS19: =' 21-03-26'!E18 -> 7.59 | AT19: =' 21-03-26'!F18 -> 7.64 | AU19: =' 22-03-26'!E18 -> 7.62 | AV19: =' 22-03-26'!F18 -> 7.68 | AW19: =' 23-03-26'!E18 -> 7.67 | AX19: =' 23-03-26'!F18 -> 7.7 | AY19: =' 24-03-26'!E18 -> 7.8 | AZ19: =' 24-03-26'!F18 -> 7.71 | BA19: =' 25-06-26'!E18 -> 7.4 | BB19: =' 25-06-26'!F18 -> 7.54 | BC19: =' 26-03-26'!E18 -> 0 | BD19: =' 26-03-26'!F18 -> 0 | BE19: =' 27-03-26'!E18 -> 0 | BF19: =' 27-03-26'!F18 -> 0 | BG19: =' 28-03-26'!E18 -> 7.66 | BH19: =' 28-03-26'!F18 -> 7.79 | BI19: =' 29-03-26'!E18 -> 7.52 | BJ19: =' 29-03-26'!F18 -> 0 | BK19: =' 30-03-26'!E18 -> 0 | BL19: =' 30-03-26'!F18 -> 0 | BM19: =' 31-03-26'!E18 -> 0 | BN19: =' 31-03-26'!F18 -> 0
B20: Sílice en SiO2 | C20: Semanal | D20: − | E20: =' 01-03-26'!E19 -> 0 | F20: =' 01-03-26'!F19 -> 0 | G20: =' 02-03-26'!E19 -> 0 | H20: =' 02-03-26'!F19 -> 0 | I20: =' 03-03-26'!E19 -> 37 | J20: =' 03-03-26'!F19 -> 0 | K20: =' 04-03-26'!E19 -> 0 | L20: =' 04-03-26'!F19 -> 0 | M20: =' 05-03-26'!E19 -> 0 | N20: =' 05-03-26'!F19 -> 0 | O20: =' 06-03-26'!E19 -> 0 | P20: =' 06-03-26'!F19 -> 0 | Q20: =' 07-03-26'!E19 -> 0 | R20: =' 07-03-26'!F19 -> 0 | S20: =' 08-03-26'!E19 -> 0 | T20: =' 08-03-26'!F19 -> 0 | U20: =' 09-03-26'!E19 -> 0 | V20: =' 09-03-26'!F19 -> 0 | W20: =' 10-03-26'!E19 -> 0 | X20: =' 10-03-26'!F19 -> 0 | Y20: =' 11-03-26'!E19 -> 0 | Z20: =' 11-03-26'!F19 -> 0 | AA20: =' 12-03-26'!E19 -> 0 | AB20: =' 12-03-26'!F19 -> 0 | AC20: =' 13-03-26'!E19 -> 0 | AD20: =' 13-03-26'!F19 -> 0 | AE20: =' 14-03-26'!E19 -> 0 | AF20: =' 14-03-26'!F19 -> 0 | AG20: =' 15-03-26'!E19 -> 0 | AH20: =' 15-03-26'!F19 -> 0 | AI20: =' 16-03-26'!E19 -> 0 | AJ20: =' 16-03-26'!F19 -> 0 | AK20: =' 17-03-26'!E19 -> 0 | AL20: =' 17-03-26'!F19 -> 0 | AM20: =' 18-03-26'!E19 -> 0 | AN20: =' 18-03-26'!F19 -> 0 | AO20: =' 19-03-26'!E19 -> 0 | AP20: =' 19-03-26'!F19 -> 0 | AQ20: =' 20-03-26'!E19 -> 0 | AR20: =' 20-03-26'!F19 -> 0 | AS20: =' 21-03-26'!E19 -> 0 | AT20: =' 21-03-26'!F19 -> 0 | AU20: =' 22-03-26'!E19 -> 0 | AV20: =' 22-03-26'!F19 -> 0 | AW20: =' 23-03-26'!E19 -> 0 | AX20: =' 23-03-26'!F19 -> 0 | AY20: =' 24-03-26'!E19 -> 0 | AZ20: =' 24-03-26'!F19 -> 0 | BA20: =' 25-06-26'!E19 -> 40 | BB20: =' 25-06-26'!F19 -> 0 | BC20: =' 26-03-26'!E19 -> 0 | BD20: =' 26-03-26'!F19 -> 0 | BE20: =' 27-03-26'!E19 -> 0 | BF20: =' 27-03-26'!F19 -> 0 | BG20: =' 28-03-26'!E19 -> 0 | BH20: =' 28-03-26'!F19 -> 0 | BI20: =' 29-03-26'!E19 -> 0 | BJ20: =' 29-03-26'!F19 -> 0 | BK20: =' 30-03-26'!E19 -> 0 | BL20: =' 30-03-26'!F19 -> 0 | BM20: =' 31-03-26'!E19 -> 0 | BN20: =' 31-03-26'!F19 -> 0
B21: Alcalinidad +M en CaCO3 | C21: Semanal | D21: − | E21: =' 01-03-26'!E20 -> 0 | F21: =' 01-03-26'!F20 -> 0 | G21: =' 02-03-26'!E20 -> 0 | H21: =' 02-03-26'!F20 -> 0 | I21: =' 03-03-26'!E20 -> 268 | J21: =' 03-03-26'!F20 -> 0 | K21: =' 04-03-26'!E20 -> 0 | L21: =' 04-03-26'!F20 -> 0 | M21: =' 05-03-26'!E20 -> 0 | N21: =' 05-03-26'!F20 -> 0 | O21: =' 06-03-26'!E20 -> 0 | P21: =' 06-03-26'!F20 -> 0 | Q21: =' 07-03-26'!E20 -> 0 | R21: =' 07-03-26'!F20 -> 0 | S21: =' 08-03-26'!E20 -> 0 | T21: =' 08-03-26'!F20 -> 0 | U21: =' 09-03-26'!E20 -> 0 | V21: =' 09-03-26'!F20 -> 0 | W21: =' 10-03-26'!E20 -> 280 | X21: =' 10-03-26'!F20 -> 0 | Y21: =' 11-03-26'!E20 -> 0 | Z21: =' 11-03-26'!F20 -> 0 | AA21: =' 12-03-26'!E20 -> 0 | AB21: =' 12-03-26'!F20 -> 0 | AC21: =' 13-03-26'!E20 -> 0 | AD21: =' 13-03-26'!F20 -> 0 | AE21: =' 14-03-26'!E20 -> 0 | AF21: =' 14-03-26'!F20 -> 0 | AG21: =' 15-03-26'!E20 -> 0 | AH21: =' 15-03-26'!F20 -> 0 | AI21: =' 16-03-26'!E20 -> 0 | AJ21: =' 16-03-26'!F20 -> 0 | AK21: =' 17-03-26'!E20 -> 0 | AL21: =' 17-03-26'!F20 -> 0 | AM21: =' 18-03-26'!E20 -> 0 | AN21: =' 18-03-26'!F20 -> 0 | AO21: =' 19-03-26'!E20 -> 0 | AP21: =' 19-03-26'!F20 -> 0 | AQ21: =' 20-03-26'!E20 -> 0 | AR21: =' 20-03-26'!F20 -> 0 | AS21: =' 21-03-26'!E20 -> 0 | AT21: =' 21-03-26'!F20 -> 0 | AU21: =' 22-03-26'!E20 -> 0 | AV21: =' 22-03-26'!F20 -> 0 | AW21: =' 23-03-26'!E20 -> 0 | AX21: =' 23-03-26'!F20 -> 0 | AY21: =' 24-03-26'!E20 -> 0 | AZ21: =' 24-03-26'!F20 -> 0 | BA21: =' 25-06-26'!E20 -> 256 | BB21: =' 25-06-26'!F20 -> 0 | BC21: =' 26-03-26'!E20 -> 0 | BD21: =' 26-03-26'!F20 -> 0 | BE21: =' 27-03-26'!E20 -> 0 | BF21: =' 27-03-26'!F20 -> 0 | BG21: =' 28-03-26'!E20 -> 0 | BH21: =' 28-03-26'!F20 -> 0 | BI21: =' 29-03-26'!E20 -> 0 | BJ21: =' 29-03-26'!F20 -> 0 | BK21: =' 30-03-26'!E20 -> 0 | BL21: =' 30-03-26'!F20 -> 0 | BM21: =' 31-03-26'!E20 -> 0 | BN21: =' 31-03-26'!F20 -> 0
B22: Alcalinidad OH¯ en CaCO3 | C22: Semanal | D22: − | E22: =' 01-03-26'!E21 -> 0 | F22: =' 01-03-26'!F21 -> 0 | G22: =' 02-03-26'!E21 -> 0 | H22: =' 02-03-26'!F21 -> 0 | I22: =' 03-03-26'!E21 -> 0 | J22: =' 03-03-26'!F21 -> 0 | K22: =' 04-03-26'!E21 -> 0 | L22: =' 04-03-26'!F21 -> 0 | M22: =' 05-03-26'!E21 -> 0 | N22: =' 05-03-26'!F21 -> 0 | O22: =' 06-03-26'!E21 -> 0 | P22: =' 06-03-26'!F21 -> 0 | Q22: =' 07-03-26'!E21 -> 0 | R22: =' 07-03-26'!F21 -> 0 | S22: =' 08-03-26'!E21 -> 0 | T22: =' 08-03-26'!F21 -> 0 | U22: =' 09-03-26'!E21 -> 0 | V22: =' 09-03-26'!F21 -> 0 | W22: =' 10-03-26'!E21 -> 0 | X22: =' 10-03-26'!F21 -> 0 | Y22: =' 11-03-26'!E21 -> 0 | Z22: =' 11-03-26'!F21 -> 0 | AA22: =' 12-03-26'!E21 -> 0 | AB22: =' 12-03-26'!F21 -> 0 | AC22: =' 13-03-26'!E21 -> 0 | AD22: =' 13-03-26'!F21 -> 0 | AE22: =' 14-03-26'!E21 -> 0 | AF22: =' 14-03-26'!F21 -> 0 | AG22: =' 15-03-26'!E21 -> 0 | AH22: =' 15-03-26'!F21 -> 0 | AI22: =' 16-03-26'!E21 -> 0 | AJ22: =' 16-03-26'!F21 -> 0 | AK22: =' 17-03-26'!E21 -> 0 | AL22: =' 17-03-26'!F21 -> 0 | AM22: =' 18-03-26'!E21 -> 0 | AN22: =' 18-03-26'!F21 -> 0 | AO22: =' 19-03-26'!E21 -> 0 | AP22: =' 19-03-26'!F21 -> 0 | AQ22: =' 20-03-26'!E21 -> 0 | AR22: =' 20-03-26'!F21 -> 0 | AS22: =' 21-03-26'!E21 -> 0 | AT22: =' 21-03-26'!F21 -> 0 | AU22: =' 22-03-26'!E21 -> 0 | AV22: =' 22-03-26'!F21 -> 0 | AW22: =' 23-03-26'!E21 -> 0 | AX22: =' 23-03-26'!F21 -> 0 | AY22: =' 24-03-26'!E21 -> 0 | AZ22: =' 24-03-26'!F21 -> 0 | BA22: =' 25-06-26'!E21 -> 0 | BB22: =' 25-06-26'!F21 -> 0 | BC22: =' 26-03-26'!E21 -> 0 | BD22: =' 26-03-26'!F21 -> 0 | BE22: =' 27-03-26'!E21 -> 0 | BF22: =' 27-03-26'!F21 -> 0 | BG22: =' 28-03-26'!E21 -> 0 | BH22: =' 28-03-26'!F21 -> 0 | BI22: =' 29-03-26'!E21 -> 0 | BJ22: =' 29-03-26'!F21 -> 0 | BK22: =' 30-03-26'!E21 -> 0 | BL22: =' 30-03-26'!F21 -> 0 | BM22: =' 31-03-26'!E21 -> 0 | BN22: =' 31-03-26'!F21 -> 0
A24: Caldera N°1 | B24: Alcalinidad +M en CaCO3 | C24: Semanal | D24: ≤ 700 mg/l | E24: =' 01-03-26'!E23 -> 0 | F24: =' 01-03-26'!F23 -> 0 | G24: =' 02-03-26'!E23 -> 872 | H24: =' 02-03-26'!F23 -> 0 | I24: =' 03-03-26'!E23 -> 816 | J24: =' 03-03-26'!F23 -> 0 | K24: =' 04-03-26'!E23 -> 0 | L24: =' 04-03-26'!F23 -> 0 | M24: =' 05-03-26'!E23 -> 0 | N24: =' 05-03-26'!F23 -> 0 | O24: =' 06-03-26'!E23 -> 0 | P24: =' 06-03-26'!F23 -> 0 | Q24: =' 07-03-26'!E23 -> 0 | R24: =' 07-03-26'!F23 -> 0 | S24: =' 08-03-26'!E23 -> 0 | T24: =' 08-03-26'!F23 -> 0 | U24: =' 09-03-26'!E23 -> 0 | V24: =' 09-03-26'!F23 -> 0 | W24: =' 10-03-26'!E23 -> 1064 | X24: =' 10-03-26'!F23 -> 0 | Y24: =' 11-03-26'!E23 -> 0 | Z24: =' 11-03-26'!F23 -> 0 | AA24: =' 12-03-26'!E23 -> 0 | AB24: =' 12-03-26'!F23 -> 0 | AC24: =' 13-03-26'!E23 -> 0 | AD24: =' 13-03-26'!F23 -> 0 | AE24: =' 14-03-26'!E23 -> 0 | AF24: =' 14-03-26'!F23 -> 0 | AG24: =' 15-03-26'!E23 -> 0 | AH24: =' 15-03-26'!F23 -> 0 | AI24: =' 16-03-26'!E23 -> 0 | AJ24: =' 16-03-26'!F23 -> 0 | AK24: =' 17-03-26'!E23 -> 0 | AL24: =' 17-03-26'!F23 -> 0 | AM24: =' 18-03-26'!E23 -> 1220 | AN24: =' 18-03-26'!F23 -> 0 | AO24: =' 19-03-26'!E23 -> 0 | AP24: =' 19-03-26'!F23 -> 0 | AQ24: =' 20-03-26'!E23 -> 0 | AR24: =' 20-03-26'!F23 -> 0 | AS24: =' 21-03-26'!E23 -> 0 | AT24: =' 21-03-26'!F23 -> 0 | AU24: =' 22-03-26'!E23 -> 0 | AV24: =' 22-03-26'!F23 -> 0 | AW24: =' 23-03-26'!E23 -> 0 | AX24: =' 23-03-26'!F23 -> 0 | AY24: =' 24-03-26'!E23 -> 0 | AZ24: =' 24-03-26'!F23 -> 0 | BA24: =' 25-06-26'!E23 -> 1000 | BB24: =' 25-06-26'!F23 -> 0 | BC24: =' 26-03-26'!E23 -> 0 | BD24: =' 26-03-26'!F23 -> 0 | BE24: =' 27-03-26'!E23 -> 0 | BF24: =' 27-03-26'!F23 -> 0 | BG24: =' 28-03-26'!E23 -> 0 | BH24: =' 28-03-26'!F23 -> 0 | BI24: =' 29-03-26'!E23 -> 0 | BJ24: =' 29-03-26'!F23 -> 0 | BK24: =' 30-03-26'!E23 -> 0 | BL24: =' 30-03-26'!F23 -> 0 | BM24: =' 31-03-26'!E23 -> 0 | BN24: =' 31-03-26'!F23 -> 0
B25: Alcalinidad OH¯ en CaCO3 | C25: Semanal | D25: ≥ 40 mg/l | E25: =' 01-03-26'!E24 -> 0 | F25: =' 01-03-26'!F24 -> 0 | G25: =' 02-03-26'!E24 -> 488 | H25: =' 02-03-26'!F24 -> 0 | I25: =' 03-03-26'!E24 -> 440 | J25: =' 03-03-26'!F24 -> 0 | K25: =' 04-03-26'!E24 -> 0 | L25: =' 04-03-26'!F24 -> 0 | M25: =' 05-03-26'!E24 -> 0 | N25: =' 05-03-26'!F24 -> 0 | O25: =' 06-03-26'!E24 -> 0 | P25: =' 06-03-26'!F24 -> 0 | Q25: =' 07-03-26'!E24 -> 0 | R25: =' 07-03-26'!F24 -> 0 | S25: =' 08-03-26'!E24 -> 0 | T25: =' 08-03-26'!F24 -> 0 | U25: =' 09-03-26'!E24 -> 0 | V25: =' 09-03-26'!F24 -> 0 | W25: =' 10-03-26'!E24 -> 584 | X25: =' 10-03-26'!F24 -> 0 | Y25: =' 11-03-26'!E24 -> 0 | Z25: =' 11-03-26'!F24 -> 0 | AA25: =' 12-03-26'!E24 -> 0 | AB25: =' 12-03-26'!F24 -> 0 | AC25: =' 13-03-26'!E24 -> 0 | AD25: =' 13-03-26'!F24 -> 0 | AE25: =' 14-03-26'!E24 -> 0 | AF25: =' 14-03-26'!F24 -> 0 | AG25: =' 15-03-26'!E24 -> 0 | AH25: =' 15-03-26'!F24 -> 0 | AI25: =' 16-03-26'!E24 -> 0 | AJ25: =' 16-03-26'!F24 -> 0 | AK25: =' 17-03-26'!E24 -> 0 | AL25: =' 17-03-26'!F24 -> 0 | AM25: =' 18-03-26'!E24 -> 572 | AN25: =' 18-03-26'!F24 -> 0 | AO25: =' 19-03-26'!E24 -> 0 | AP25: =' 19-03-26'!F24 -> 0 | AQ25: =' 20-03-26'!E24 -> 0 | AR25: =' 20-03-26'!F24 -> 0 | AS25: =' 21-03-26'!E24 -> 0 | AT25: =' 21-03-26'!F24 -> 0 | AU25: =' 22-03-26'!E24 -> 0 | AV25: =' 22-03-26'!F24 -> 0 | AW25: =' 23-03-26'!E24 -> 0 | AX25: =' 23-03-26'!F24 -> 0 | AY25: =' 24-03-26'!E24 -> 0 | AZ25: =' 24-03-26'!F24 -> 0 | BA25: =' 25-06-26'!E24 -> 544 | BB25: =' 25-06-26'!F24 -> 0 | BC25: =' 26-03-26'!E24 -> 0 | BD25: =' 26-03-26'!F24 -> 0 | BE25: =' 27-03-26'!E24 -> 0 | BF25: =' 27-03-26'!F24 -> 0 | BG25: =' 28-03-26'!E24 -> 0 | BH25: =' 28-03-26'!F24 -> 0 | BI25: =' 29-03-26'!E24 -> 0 | BJ25: =' 29-03-26'!F24 -> 0 | BK25: =' 30-03-26'!E24 -> 0 | BL25: =' 30-03-26'!F24 -> 0 | BM25: =' 31-03-26'!E24 -> 0 | BN25: =' 31-03-26'!F24 -> 0
B26: Conductividad | C26: Diaria | D26: 1.100 - 1.500 uS/cm | E26: =' 01-03-26'!E25 -> 2985 | F26: =' 01-03-26'!F25 -> 0 | G26: =' 02-03-26'!E25 -> 3000 | H26: =' 02-03-26'!F25 -> 2432 | I26: =' 03-03-26'!E25 -> 2560 | J26: =' 03-03-26'!F25 -> 3812 | K26: =' 04-03-26'!E25 -> 3291 | L26: =' 04-03-26'!F25 -> 3640 | M26: =' 05-03-26'!E25 -> 3925 | N26: =' 05-03-26'!F25 -> 3374 | O26: =' 06-03-26'!E25 -> 3295 | P26: =' 06-03-26'!F25 -> 3670 | Q26: =' 07-03-26'!E25 -> 3675 | R26: =' 07-03-26'!F25 -> 3737 | S26: =' 08-03-26'!E25 -> 4916 | T26: =' 08-03-26'!F25 -> 3955 | U26: =' 09-03-26'!E25 -> 3647 | V26: =' 09-03-26'!F25 -> 3438 | W26: =' 10-03-26'!E25 -> 3536 | X26: =' 10-03-26'!F25 -> 3589 | Y26: =' 11-03-26'!E25 -> 3800 | Z26: =' 11-03-26'!F25 -> 3946 | AA26: =' 12-03-26'!E25 -> 0 | AB26: =' 12-03-26'!F25 -> 0 | AC26: =' 13-03-26'!E25 -> 0 | AD26: =' 13-03-26'!F25 -> 0 | AE26: =' 14-03-26'!E25 -> 3436 | AF26: =' 14-03-26'!F25 -> 0 | AG26: =' 15-03-26'!E25 -> 0 | AH26: =' 15-03-26'!F25 -> 0 | AI26: =' 16-03-26'!E25 -> 0 | AJ26: =' 16-03-26'!F25 -> 0 | AK26: =' 17-03-26'!E25 -> 0 | AL26: =' 17-03-26'!F25 -> 0 | AM26: =' 18-03-26'!E25 -> 3798 | AN26: =' 18-03-26'!F25 -> 3666 | AO26: =' 19-03-26'!E25 -> 3451 | AP26: =' 19-03-26'!F25 -> 3617 | AQ26: =' 20-03-26'!E25 -> 3144 | AR26: =' 20-03-26'!F25 -> 3188 | AS26: =' 21-03-26'!E25 -> 2638 | AT26: =' 21-03-26'!F25 -> 2858 | AU26: =' 22-03-26'!E25 -> 3008 | AV26: =' 22-03-26'!F25 -> 3141 | AW26: =' 23-03-26'!E25 -> 0 | AX26: =' 23-03-26'!F25 -> 3583 | AY26: =' 24-03-26'!E25 -> 3550 | AZ26: =' 24-03-26'!F25 -> 0 | BA26: =' 25-06-26'!E25 -> 3284 | BB26: =' 25-06-26'!F25 -> 0 | BC26: =' 26-03-26'!E25 -> 0 | BD26: =' 26-03-26'!F25 -> 0 | BE26: =' 27-03-26'!E25 -> 0 | BF26: =' 27-03-26'!F25 -> 0 | BG26: =' 28-03-26'!E25 -> 3155 | BH26: =' 28-03-26'!F25 -> 3325 | BI26: =' 29-03-26'!E25 -> 3470 | BJ26: =' 29-03-26'!F25 -> 0 | BK26: =' 30-03-26'!E25 -> 0 | BL26: =' 30-03-26'!F25 -> 0 | BM26: =' 31-03-26'!E25 -> 0 | BN26: =' 31-03-26'!F25 -> 0
B27: pH | C27: Diaria | D27: 10,5 - 11,9 | E27: =' 01-03-26'!E26 -> 11.6 | F27: =' 01-03-26'!F26 -> 11.54 | G27: =' 02-03-26'!E26 -> 11.74 | H27: =' 02-03-26'!F26 -> 11.71 | I27: =' 03-03-26'!E26 -> 10.66 | J27: =' 03-03-26'!F26 -> 11.89 | K27: =' 04-03-26'!E26 -> 11.93 | L27: =' 04-03-26'!F26 -> 11.82 | M27: =' 05-03-26'!E26 -> 11.93 | N27: =' 05-03-26'!F26 -> 11.67 | O27: =' 06-03-26'!E26 -> 11.7 | P27: =' 06-03-26'!F26 -> 12.02 | Q27: =' 07-03-26'!E26 -> 11.5 | R27: =' 07-03-26'!F26 -> 11.85 | S27: =' 08-03-26'!E26 -> 11.89 | T27: =' 08-03-26'!F26 -> 11.45 | U27: =' 09-03-26'!E26 -> 11.9 | V27: =' 09-03-26'!F26 -> 11.87 | W27: =' 10-03-26'!E26 -> 11.76 | X27: =' 10-03-26'!F26 -> 11.89 | Y27: =' 11-03-26'!E26 -> 11.83 | Z27: =' 11-03-26'!F26 -> 11.9 | AA27: =' 12-03-26'!E26 -> 0 | AB27: =' 12-03-26'!F26 -> 0 | AC27: =' 13-03-26'!E26 -> 0 | AD27: =' 13-03-26'!F26 -> 0 | AE27: =' 14-03-26'!E26 -> 11.74 | AF27: =' 14-03-26'!F26 -> 11.86 | AG27: =' 15-03-26'!E26 -> 0 | AH27: =' 15-03-26'!F26 -> 0 | AI27: =' 16-03-26'!E26 -> 0 | AJ27: =' 16-03-26'!F26 -> 0 | AK27: =' 17-03-26'!E26 -> 11.76 | AL27: =' 17-03-26'!F26 -> 11.7 | AM27: =' 18-03-26'!E26 -> 11.82 | AN27: =' 18-03-26'!F26 -> 11.84 | AO27: =' 19-03-26'!E26 -> 11.86 | AP27: =' 19-03-26'!F26 -> 11.87 | AQ27: =' 20-03-26'!E26 -> 11.65 | AR27: =' 20-03-26'!F26 -> 11.73 | AS27: =' 21-03-26'!E26 -> 11.23 | AT27: =' 21-03-26'!F26 -> 11.64 | AU27: =' 22-03-26'!E26 -> 11.45 | AV27: =' 22-03-26'!F26 -> 11.76 | AW27: =' 23-03-26'!E26 -> 11.72 | AX27: =' 23-03-26'!F26 -> 11.73 | AY27: =' 24-03-26'!E26 -> 10.61 | AZ27: =' 24-03-26'!F26 -> 10.69 | BA27: =' 25-06-26'!E26 -> 11.42 | BB27: =' 25-06-26'!F26 -> 11.44 | BC27: =' 26-03-26'!E26 -> 0 | BD27: =' 26-03-26'!F26 -> 0 | BE27: =' 27-03-26'!E26 -> 0 | BF27: =' 27-03-26'!F26 -> 0 | BG27: =' 28-03-26'!E26 -> 11.8 | BH27: =' 28-03-26'!F26 -> 11.79 | BI27: =' 29-03-26'!E26 -> 11.74 | BJ27: =' 29-03-26'!F26 -> 0 | BK27: =' 30-03-26'!E26 -> 0 | BL27: =' 30-03-26'!F26 -> 0 | BM27: =' 31-03-26'!E26 -> 0 | BN27: =' 31-03-26'!F26 -> 0
B28: Sílice en SiO2 | C28: Semanal | D28: ≤ 150 mg/l | E28: =' 01-03-26'!E27 -> 0 | F28: =' 01-03-26'!F27 -> 0 | G28: =' 02-03-26'!E27 -> 0 | H28: =' 02-03-26'!F27 -> 0 | I28: =' 03-03-26'!E27 -> 92.5 | J28: =' 03-03-26'!F27 -> 0 | K28: =' 04-03-26'!E27 -> 0 | L28: =' 04-03-26'!F27 -> 0 | M28: =' 05-03-26'!E27 -> 0 | N28: =' 05-03-26'!F27 -> 0 | O28: =' 06-03-26'!E27 -> 0 | P28: =' 06-03-26'!F27 -> 0 | Q28: =' 07-03-26'!E27 -> 0 | R28: =' 07-03-26'!F27 -> 0 | S28: =' 08-03-26'!E27 -> 0 | T28: =' 08-03-26'!F27 -> 0 | U28: =' 09-03-26'!E27 -> 0 | V28: =' 09-03-26'!F27 -> 0 | W28: =' 10-03-26'!E27 -> 0 | X28: =' 10-03-26'!F27 -> 0 | Y28: =' 11-03-26'!E27 -> 0 | Z28: =' 11-03-26'!F27 -> 0 | AA28: =' 12-03-26'!E27 -> 0 | AB28: =' 12-03-26'!F27 -> 0 | AC28: =' 13-03-26'!E27 -> 0 | AD28: =' 13-03-26'!F27 -> 0 | AE28: =' 14-03-26'!E27 -> 0 | AF28: =' 14-03-26'!F27 -> 0 | AG28: =' 15-03-26'!E27 -> 0 | AH28: =' 15-03-26'!F27 -> 0 | AI28: =' 16-03-26'!E27 -> 0 | AJ28: =' 16-03-26'!F27 -> 0 | AK28: =' 17-03-26'!E27 -> 0 | AL28: =' 17-03-26'!F27 -> 0 | AM28: =' 18-03-26'!E27 -> 0 | AN28: =' 18-03-26'!F27 -> 0 | AO28: =' 19-03-26'!E27 -> 0 | AP28: =' 19-03-26'!F27 -> 0 | AQ28: =' 20-03-26'!E27 -> 0 | AR28: =' 20-03-26'!F27 -> 0 | AS28: =' 21-03-26'!E27 -> 0 | AT28: =' 21-03-26'!F27 -> 0 | AU28: =' 22-03-26'!E27 -> 0 | AV28: =' 22-03-26'!F27 -> 0 | AW28: =' 23-03-26'!E27 -> 0 | AX28: =' 23-03-26'!F27 -> 0 | AY28: =' 24-03-26'!E27 -> 0 | AZ28: =' 24-03-26'!F27 -> 0 | BA28: =' 25-06-26'!E27 -> 125 | BB28: =' 25-06-26'!F27 -> 0 | BC28: =' 26-03-26'!E27 -> 0 | BD28: =' 26-03-26'!F27 -> 0 | BE28: =' 27-03-26'!E27 -> 0 | BF28: =' 27-03-26'!F27 -> 0 | BG28: =' 28-03-26'!E27 -> 0 | BH28: =' 28-03-26'!F27 -> 0 | BI28: =' 29-03-26'!E27 -> 0 | BJ28: =' 29-03-26'!F27 -> 0 | BK28: =' 30-03-26'!E27 -> 0 | BL28: =' 30-03-26'!F27 -> 0 | BM28: =' 31-03-26'!E27 -> 0 | BN28: =' 31-03-26'!F27 -> 0
B29: Dureza Total en CaCO3 | C29: Semanal | D29: ˂ 3 mg/l | E29: =' 01-03-26'!E28 -> 0 | F29: =' 01-03-26'!F28 -> 0 | G29: =' 02-03-26'!E28 -> 0 | H29: =' 02-03-26'!F28 -> 0 | I29: =' 03-03-26'!E28 -> 2.71 | J29: =' 03-03-26'!F28 -> 0 | K29: =' 04-03-26'!E28 -> 0 | L29: =' 04-03-26'!F28 -> 0 | M29: =' 05-03-26'!E28 -> 0 | N29: =' 05-03-26'!F28 -> 0 | O29: =' 06-03-26'!E28 -> 0 | P29: =' 06-03-26'!F28 -> 0 | Q29: =' 07-03-26'!E28 -> 0 | R29: =' 07-03-26'!F28 -> 0 | S29: =' 08-03-26'!E28 -> 0 | T29: =' 08-03-26'!F28 -> 0 | U29: =' 09-03-26'!E28 -> 0 | V29: =' 09-03-26'!F28 -> 0 | W29: =' 10-03-26'!E28 -> 0 | X29: =' 10-03-26'!F28 -> 0 | Y29: =' 11-03-26'!E28 -> 0 | Z29: =' 11-03-26'!F28 -> 0 | AA29: =' 12-03-26'!E28 -> 0 | AB29: =' 12-03-26'!F28 -> 0 | AC29: =' 13-03-26'!E28 -> 0 | AD29: =' 13-03-26'!F28 -> 0 | AE29: =' 14-03-26'!E28 -> 0 | AF29: =' 14-03-26'!F28 -> 0 | AG29: =' 15-03-26'!E28 -> 0 | AH29: =' 15-03-26'!F28 -> 0 | AI29: =' 16-03-26'!E28 -> 0 | AJ29: =' 16-03-26'!F28 -> 0 | AK29: =' 17-03-26'!E28 -> 0 | AL29: =' 17-03-26'!F28 -> 0 | AM29: =' 18-03-26'!E28 -> 0 | AN29: =' 18-03-26'!F28 -> 0 | AO29: =' 19-03-26'!E28 -> 0 | AP29: =' 19-03-26'!F28 -> 0 | AQ29: =' 20-03-26'!E28 -> 0 | AR29: =' 20-03-26'!F28 -> 0 | AS29: =' 21-03-26'!E28 -> 0 | AT29: =' 21-03-26'!F28 -> 0 | AU29: =' 22-03-26'!E28 -> 0 | AV29: =' 22-03-26'!F28 -> 0 | AW29: =' 23-03-26'!E28 -> 0 | AX29: =' 23-03-26'!F28 -> 0 | AY29: =' 24-03-26'!E28 -> 0 | AZ29: =' 24-03-26'!F28 -> 0 | BA29: =' 25-06-26'!E28 -> 2.89 | BB29: =' 25-06-26'!F28 -> 0 | BC29: =' 26-03-26'!E28 -> 0 | BD29: =' 26-03-26'!F28 -> 0 | BE29: =' 27-03-26'!E28 -> 0 | BF29: =' 27-03-26'!F28 -> 0 | BG29: =' 28-03-26'!E28 -> 0 | BH29: =' 28-03-26'!F28 -> 0 | BI29: =' 29-03-26'!E28 -> 0 | BJ29: =' 29-03-26'!F28 -> 0 | BK29: =' 30-03-26'!E28 -> 0 | BL29: =' 30-03-26'!F28 -> 0 | BM29: =' 31-03-26'!E28 -> 0 | BN29: =' 31-03-26'!F28 -> 0
B30: Hierro Total | C30: Mensual | D30: ˂ 1 mg/l | E30: =' 01-03-26'!E29 -> 0 | F30: =' 01-03-26'!F29 -> 0 | G30: =' 02-03-26'!E29 -> 0 | H30: =' 02-03-26'!F29 -> 0 | I30: =' 03-03-26'!E29 -> 0.2 | J30: =' 03-03-26'!F29 -> 0 | K30: =' 04-03-26'!E29 -> 0 | L30: =' 04-03-26'!F29 -> 0 | M30: =' 05-03-26'!E29 -> 0 | N30: =' 05-03-26'!F29 -> 0 | O30: =' 06-03-26'!E29 -> 0 | P30: =' 06-03-26'!F29 -> 0 | Q30: =' 07-03-26'!E29 -> 0 | R30: =' 07-03-26'!F29 -> 0 | S30: =' 08-03-26'!E29 -> 0 | T30: =' 08-03-26'!F29 -> 0 | U30: =' 09-03-26'!E29 -> 0 | V30: =' 09-03-26'!F29 -> 0 | W30: =' 10-03-26'!E29 -> 0 | X30: =' 10-03-26'!F29 -> 0 | Y30: =' 11-03-26'!E29 -> 0 | Z30: =' 11-03-26'!F29 -> 0 | AA30: =' 12-03-26'!E29 -> 0 | AB30: =' 12-03-26'!F29 -> 0 | AC30: =' 13-03-26'!E29 -> 0 | AD30: =' 13-03-26'!F29 -> 0 | AE30: =' 14-03-26'!E29 -> 0 | AF30: =' 14-03-26'!F29 -> 0 | AG30: =' 15-03-26'!E29 -> 0 | AH30: =' 15-03-26'!F29 -> 0 | AI30: =' 16-03-26'!E29 -> 0 | AJ30: =' 16-03-26'!F29 -> 0 | AK30: =' 17-03-26'!E29 -> 0 | AL30: =' 17-03-26'!F29 -> 0 | AM30: =' 18-03-26'!E29 -> 0 | AN30: =' 18-03-26'!F29 -> 0 | AO30: =' 19-03-26'!E29 -> 0 | AP30: =' 19-03-26'!F29 -> 0 | AQ30: =' 20-03-26'!E29 -> 0 | AR30: =' 20-03-26'!F29 -> 0 | AS30: =' 21-03-26'!E29 -> 0 | AT30: =' 21-03-26'!F29 -> 0 | AU30: =' 22-03-26'!E29 -> 0 | AV30: =' 22-03-26'!F29 -> 0 | AW30: =' 23-03-26'!E29 -> 0 | AX30: =' 23-03-26'!F29 -> 0 | AY30: =' 24-03-26'!E29 -> 0.2 | AZ30: =' 24-03-26'!F29 -> 0 | BA30: =' 25-06-26'!E29 -> 0.39 | BB30: =' 25-06-26'!F29 -> 0 | BC30: =' 26-03-26'!E29 -> 0 | BD30: =' 26-03-26'!F29 -> 0 | BE30: =' 27-03-26'!E29 -> 0 | BF30: =' 27-03-26'!F29 -> 0 | BG30: =' 28-03-26'!E29 -> 0 | BH30: =' 28-03-26'!F29 -> 0 | BI30: =' 29-03-26'!E29 -> 0 | BJ30: =' 29-03-26'!F29 -> 0 | BK30: =' 30-03-26'!E29 -> 0 | BL30: =' 30-03-26'!F29 -> 0 | BM30: =' 31-03-26'!E29 -> 0 | BN30: =' 31-03-26'!F29 -> 0
B31: Sulfito | C31: Diaria | D31: 30 - 60 mg/l | E31: =' 01-03-26'!E30 -> 50 | F31: =' 01-03-26'!F30 -> 45 | G31: =' 02-03-26'!E30 -> 70 | H31: =' 02-03-26'!F30 -> 55 | I31: =' 03-03-26'!E30 -> 51 | J31: =' 03-03-26'!F30 -> 58 | K31: =' 04-03-26'!E30 -> 95 | L31: =' 04-03-26'!F30 -> 64 | M31: =' 05-03-26'!E30 -> 74 | N31: =' 05-03-26'!F30 -> 70 | O31: =' 06-03-26'!E30 -> 60 | P31: =' 06-03-26'!F30 -> 42 | Q31: =' 07-03-26'!E30 -> 97 | R31: =' 07-03-26'!F30 -> 46 | S31: =' 08-03-26'!E30 -> 55 | T31: =' 08-03-26'!F30 -> 42 | U31: =' 09-03-26'!E30 -> 58 | V31: =' 09-03-26'!F30 -> 55 | W31: =' 10-03-26'!E30 -> 36 | X31: =' 10-03-26'!F30 -> 45 | Y31: =' 11-03-26'!E30 -> 43 | Z31: =' 11-03-26'!F30 -> 52 | AA31: =' 12-03-26'!E30 -> 0 | AB31: =' 12-03-26'!F30 -> 0 | AC31: =' 13-03-26'!E30 -> 0 | AD31: =' 13-03-26'!F30 -> 0 | AE31: =' 14-03-26'!E30 -> 48 | AF31: =' 14-03-26'!F30 -> 70 | AG31: =' 15-03-26'!E30 -> 0 | AH31: =' 15-03-26'!F30 -> 0 | AI31: =' 16-03-26'!E30 -> 0 | AJ31: =' 16-03-26'!F30 -> 0 | AK31: =' 17-03-26'!E30 -> 44 | AL31: =' 17-03-26'!F30 -> 40 | AM31: =' 18-03-26'!E30 -> 60 | AN31: =' 18-03-26'!F30 -> 45 | AO31: =' 19-03-26'!E30 -> 38 | AP31: =' 19-03-26'!F30 -> 54 | AQ31: =' 20-03-26'!E30 -> 36 | AR31: =' 20-03-26'!F30 -> 32 | AS31: =' 21-03-26'!E30 -> 65 | AT31: =' 21-03-26'!F30 -> 58 | AU31: =' 22-03-26'!E30 -> 80 | AV31: =' 22-03-26'!F30 -> 78 | AW31: =' 23-03-26'!E30 -> 66 | AX31: =' 23-03-26'!F30 -> 68 | AY31: =' 24-03-26'!E30 -> 50 | AZ31: =' 24-03-26'!F30 -> 44 | BA31: =' 25-06-26'!E30 -> 60 | BB31: =' 25-06-26'!F30 -> 56 | BC31: =' 26-03-26'!E30 -> 0 | BD31: =' 26-03-26'!F30 -> 0 | BE31: =' 27-03-26'!E30 -> 0 | BF31: =' 27-03-26'!F30 -> 0 | BG31: =' 28-03-26'!E30 -> 71 | BH31: =' 28-03-26'!F30 -> 60 | BI31: =' 29-03-26'!E30 -> 106 | BJ31: =' 29-03-26'!F30 -> 0 | BK31: =' 30-03-26'!E30 -> 0 | BL31: =' 30-03-26'!F30 -> 0 | BM31: =' 31-03-26'!E30 -> 0 | BN31: =' 31-03-26'!F30 -> 0
B32: Fosfato | C32: Diaria | D32: 30 - 60 mg/l | E32: =' 01-03-26'!E31 -> 45 | F32: =' 01-03-26'!F31 -> 40 | G32: =' 02-03-26'!E31 -> 30 | H32: =' 02-03-26'!F31 -> 35 | I32: =' 03-03-26'!E31 -> 37.5 | J32: =' 03-03-26'!F31 -> 45 | K32: =' 04-03-26'!E31 -> 60 | L32: =' 04-03-26'!F31 -> 50 | M32: =' 05-03-26'!E31 -> 50 | N32: =' 05-03-26'!F31 -> 52.5 | O32: =' 06-03-26'!E31 -> 52.5 | P32: =' 06-03-26'!F31 -> 35 | Q32: =' 07-03-26'!E31 -> 82.5 | R32: =' 07-03-26'!F31 -> 0 | S32: =' 08-03-26'!E31 -> 0 | T32: =' 08-03-26'!F31 -> 0 | U32: =' 09-03-26'!E31 -> 0 | V32: =' 09-03-26'!F31 -> 0 | W32: =' 10-03-26'!E31 -> 0 | X32: =' 10-03-26'!F31 -> 0 | Y32: =' 11-03-26'!E31 -> 0 | Z32: =' 11-03-26'!F31 -> 0 | AA32: =' 12-03-26'!E31 -> 0 | AB32: =' 12-03-26'!F31 -> 0 | AC32: =' 13-03-26'!E31 -> 0 | AD32: =' 13-03-26'!F31 -> 0 | AE32: =' 14-03-26'!E31 -> 45 | AF32: =' 14-03-26'!F31 -> 42.5 | AG32: =' 15-03-26'!E31 -> 0 | AH32: =' 15-03-26'!F31 -> 0 | AI32: =' 16-03-26'!E31 -> 0 | AJ32: =' 16-03-26'!F31 -> 0 | AK32: =' 17-03-26'!E31 -> 57.5 | AL32: =' 17-03-26'!F31 -> 42.5 | AM32: =' 18-03-26'!E31 -> 57.5 | AN32: =' 18-03-26'!F31 -> 52.5 | AO32: =' 19-03-26'!E31 -> 60 | AP32: =' 19-03-26'!F31 -> 45 | AQ32: =' 20-03-26'!E31 -> 30 | AR32: =' 20-03-26'!F31 -> 45 | AS32: =' 21-03-26'!E31 -> 47.5 | AT32: =' 21-03-26'!F31 -> 57.5 | AU32: =' 22-03-26'!E31 -> 52.5 | AV32: =' 22-03-26'!F31 -> 37.5 | AW32: =' 23-03-26'!E31 -> 35 | AX32: =' 23-03-26'!F31 -> 37.5 | AY32: =' 24-03-26'!E31 -> 60 | AZ32: =' 24-03-26'!F31 -> 35 | BA32: =' 25-06-26'!E31 -> 35 | BB32: =' 25-06-26'!F31 -> 37.5 | BC32: =' 26-03-26'!E31 -> 0 | BD32: =' 26-03-26'!F31 -> 0 | BE32: =' 27-03-26'!E31 -> 0 | BF32: =' 27-03-26'!F31 -> 0 | BG32: =' 28-03-26'!E31 -> 32.5 | BH32: =' 28-03-26'!F31 -> 62.5 | BI32: =' 29-03-26'!E31 -> 47.5 | BJ32: =' 29-03-26'!F31 -> 0 | BK32: =' 30-03-26'!E31 -> 0 | BL32: =' 30-03-26'!F31 -> 0 | BM32: =' 31-03-26'!E31 -> 0 | BN32: =' 31-03-26'!F31 -> 0
B33: TDS | C33: Diaria | D33: − | E33: =' 01-03-26'!E32 -> 2171 | F33: =' 01-03-26'!F32 -> 2670 | G33: =' 02-03-26'!E32 -> 2182 | H33: =' 02-03-26'!F32 -> 2310 | I33: =' 03-03-26'!E32 -> 0 | J33: =' 03-03-26'!F32 -> 2888 | K33: =' 04-03-26'!E32 -> 2922 | L33: =' 04-03-26'!F32 -> 2715 | M33: =' 05-03-26'!E32 -> 2912 | N33: =' 05-03-26'!F32 -> 2475 | O33: =' 06-03-26'!E32 -> 2159 | P33: =' 06-03-26'!F32 -> 2509 | Q33: =' 07-03-26'!E32 -> 2420 | R33: =' 07-03-26'!F32 -> 2568 | S33: =' 08-03-26'!E32 -> 3792 | T33: =' 08-03-26'!F32 -> 9247 | U33: =' 09-03-26'!E32 -> 0 | V33: =' 09-03-26'!F32 -> 0 | W33: =' 10-03-26'!E32 -> 2609 | X33: =' 10-03-26'!F32 -> 2683 | Y33: =' 11-03-26'!E32 -> 2824 | Z33: =' 11-03-26'!F32 -> 2944 | AA33: =' 12-03-26'!E32 -> 0 | AB33: =' 12-03-26'!F32 -> 0 | AC33: =' 13-03-26'!E32 -> 0 | AD33: =' 13-03-26'!F32 -> 0 | AE33: =' 14-03-26'!E32 -> 2710 | AF33: =' 14-03-26'!F32 -> 0 | AG33: =' 15-03-26'!E32 -> 0 | AH33: =' 15-03-26'!F32 -> 0 | AI33: =' 16-03-26'!E32 -> 0 | AJ33: =' 16-03-26'!F32 -> 0 | AK33: =' 17-03-26'!E32 -> 0 | AL33: =' 17-03-26'!F32 -> 0 | AM33: =' 18-03-26'!E32 -> 2865 | AN33: =' 18-03-26'!F32 -> 2736 | AO33: =' 19-03-26'!E32 -> 2583 | AP33: =' 19-03-26'!F32 -> 2762 | AQ33: =' 20-03-26'!E32 -> 2360 | AR33: =' 20-03-26'!F32 -> 2362 | AS33: =' 21-03-26'!E32 -> 1931 | AT33: =' 21-03-26'!F32 -> 2113 | AU33: =' 22-03-26'!E32 -> 2181 | AV33: =' 22-03-26'!F32 -> 2320 | AW33: =' 23-03-26'!E32 -> 2421 | AX33: =' 23-03-26'!F32 -> 2663 | AY33: =' 24-03-26'!E32 -> 2640 | AZ33: =' 24-03-26'!F32 -> 2760 | BA33: =' 25-06-26'!E32 -> 0 | BB33: =' 25-06-26'!F32 -> 0 | BC33: =' 26-03-26'!E32 -> 0 | BD33: =' 26-03-26'!F32 -> 0 | BE33: =' 27-03-26'!E32 -> 0 | BF33: =' 27-03-26'!F32 -> 0 | BG33: =' 28-03-26'!E32 -> 2336 | BH33: =' 28-03-26'!F32 -> 2478 | BI33: =' 29-03-26'!E32 -> 0 | BJ33: =' 29-03-26'!F32 -> 0 | BK33: =' 30-03-26'!E32 -> 0 | BL33: =' 30-03-26'!F32 -> 0 | BM33: =' 31-03-26'!E32 -> 0 | BN33: =' 31-03-26'!F32 -> 0
A35: Caldera N°2 | B35: Alcalinidad +M en CaCO3 | C35: Semanal | D35: ≤ 700 mg/l | E35: =' 01-03-26'!E34 -> 0 | F35: =' 01-03-26'!F34 -> 0 | G35: =' 02-03-26'!E34 -> 700 | H35: =' 02-03-26'!F34 -> 0 | I35: =' 03-03-26'!E34 -> 880 | J35: =' 03-03-26'!F34 -> 0 | K35: =' 04-03-26'!E34 -> 0 | L35: =' 04-03-26'!F34 -> 0 | M35: =' 05-03-26'!E34 -> 0 | N35: =' 05-03-26'!F34 -> 0 | O35: =' 06-03-26'!E34 -> 0 | P35: =' 06-03-26'!F34 -> 0 | Q35: =' 07-03-26'!E34 -> 0 | R35: =' 07-03-26'!F34 -> 0 | S35: =' 08-03-26'!E34 -> 0 | T35: =' 08-03-26'!F34 -> 0 | U35: =' 09-03-26'!E34 -> 0 | V35: =' 09-03-26'!F34 -> 0 | W35: =' 10-03-26'!E34 -> 960 | X35: =' 10-03-26'!F34 -> 0 | Y35: =' 11-03-26'!E34 -> 0 | Z35: =' 11-03-26'!F34 -> 0 | AA35: =' 12-03-26'!E34 -> 0 | AB35: =' 12-03-26'!F34 -> 0 | AC35: =' 13-03-26'!E34 -> 0 | AD35: =' 13-03-26'!F34 -> 0 | AE35: =' 14-03-26'!E34 -> 0 | AF35: =' 14-03-26'!F34 -> 0 | AG35: =' 15-03-26'!E34 -> 0 | AH35: =' 15-03-26'!F34 -> 0 | AI35: =' 16-03-26'!E34 -> 0 | AJ35: =' 16-03-26'!F34 -> 0 | AK35: =' 17-03-26'!E34 -> 0 | AL35: =' 17-03-26'!F34 -> 0 | AM35: =' 18-03-26'!E34 -> 1028 | AN35: =' 18-03-26'!F34 -> 0 | AO35: =' 19-03-26'!E34 -> 0 | AP35: =' 19-03-26'!F34 -> 0 | AQ35: =' 20-03-26'!E34 -> 0 | AR35: =' 20-03-26'!F34 -> 0 | AS35: =' 21-03-26'!E34 -> 0 | AT35: =' 21-03-26'!F34 -> 0 | AU35: =' 22-03-26'!E34 -> 0 | AV35: =' 22-03-26'!F34 -> 0 | AW35: =' 23-03-26'!E34 -> 0 | AX35: =' 23-03-26'!F34 -> 0 | AY35: =' 24-03-26'!E34 -> 0 | AZ35: =' 24-03-26'!F34 -> 0 | BA35: =' 25-06-26'!E34 -> 0 | BB35: =' 25-06-26'!F34 -> 0 | BC35: =' 26-03-26'!E34 -> 0 | BD35: =' 26-03-26'!F34 -> 0 | BE35: =' 27-03-26'!E34 -> 0 | BF35: =' 27-03-26'!F34 -> 0 | BG35: =' 28-03-26'!E34 -> 0 | BH35: =' 28-03-26'!F34 -> 0 | BI35: =' 29-03-26'!E34 -> 0 | BJ35: =' 29-03-26'!F34 -> 0 | BK35: =' 30-03-26'!E34 -> 0 | BL35: =' 30-03-26'!F34 -> 0 | BM35: =' 31-03-26'!E34 -> 0 | BN35: =' 31-03-26'!F34 -> 0
B36: Alcalinidad OH¯ en CaCO3 | C36: Semanal | D36: ≥ 40 mg/l | E36: =' 01-03-26'!E35 -> 0 | F36: =' 01-03-26'!F35 -> 0 | G36: =' 02-03-26'!E35 -> 356 | H36: =' 02-03-26'!F35 -> 0 | I36: =' 03-03-26'!E35 -> 592 | J36: =' 03-03-26'!F35 -> 0 | K36: =' 04-03-26'!E35 -> 0 | L36: =' 04-03-26'!F35 -> 0 | M36: =' 05-03-26'!E35 -> 0 | N36: =' 05-03-26'!F35 -> 0 | O36: =' 06-03-26'!E35 -> 0 | P36: =' 06-03-26'!F35 -> 0 | Q36: =' 07-03-26'!E35 -> 0 | R36: =' 07-03-26'!F35 -> 0 | S36: =' 08-03-26'!E35 -> 0 | T36: =' 08-03-26'!F35 -> 0 | U36: =' 09-03-26'!E35 -> 0 | V36: =' 09-03-26'!F35 -> 0 | W36: =' 10-03-26'!E35 -> 512 | X36: =' 10-03-26'!F35 -> 0 | Y36: =' 11-03-26'!E35 -> 0 | Z36: =' 11-03-26'!F35 -> 0 | AA36: =' 12-03-26'!E35 -> 0 | AB36: =' 12-03-26'!F35 -> 0 | AC36: =' 13-03-26'!E35 -> 0 | AD36: =' 13-03-26'!F35 -> 0 | AE36: =' 14-03-26'!E35 -> 0 | AF36: =' 14-03-26'!F35 -> 0 | AG36: =' 15-03-26'!E35 -> 0 | AH36: =' 15-03-26'!F35 -> 0 | AI36: =' 16-03-26'!E35 -> 0 | AJ36: =' 16-03-26'!F35 -> 0 | AK36: =' 17-03-26'!E35 -> 0 | AL36: =' 17-03-26'!F35 -> 0 | AM36: =' 18-03-26'!E35 -> 572 | AN36: =' 18-03-26'!F35 -> 0 | AO36: =' 19-03-26'!E35 -> 0 | AP36: =' 19-03-26'!F35 -> 0 | AQ36: =' 20-03-26'!E35 -> 0 | AR36: =' 20-03-26'!F35 -> 0 | AS36: =' 21-03-26'!E35 -> 0 | AT36: =' 21-03-26'!F35 -> 0 | AU36: =' 22-03-26'!E35 -> 0 | AV36: =' 22-03-26'!F35 -> 0 | AW36: =' 23-03-26'!E35 -> 0 | AX36: =' 23-03-26'!F35 -> 0 | AY36: =' 24-03-26'!E35 -> 0 | AZ36: =' 24-03-26'!F35 -> 0 | BA36: =' 25-06-26'!E35 -> 0 | BB36: =' 25-06-26'!F35 -> 0 | BC36: =' 26-03-26'!E35 -> 0 | BD36: =' 26-03-26'!F35 -> 0 | BE36: =' 27-03-26'!E35 -> 0 | BF36: =' 27-03-26'!F35 -> 0 | BG36: =' 28-03-26'!E35 -> 0 | BH36: =' 28-03-26'!F35 -> 0 | BI36: =' 29-03-26'!E35 -> 0 | BJ36: =' 29-03-26'!F35 -> 0 | BK36: =' 30-03-26'!E35 -> 0 | BL36: =' 30-03-26'!F35 -> 0 | BM36: =' 31-03-26'!E35 -> 0 | BN36: =' 31-03-26'!F35 -> 0
B37: Conductividad | C37: Diaria | D37: 1.100 - 1.500 uS/cm | E37: =' 01-03-26'!E36 -> 2468 | F37: =' 01-03-26'!F36 -> 0 | G37: =' 02-03-26'!E36 -> 2416 | H37: =' 02-03-26'!F36 -> 2523 | I37: =' 03-03-26'!E36 -> 2700 | J37: =' 03-03-26'!F36 -> 3459 | K37: =' 04-03-26'!E36 -> 3537 | L37: =' 04-03-26'!F36 -> 3552 | M37: =' 05-03-26'!E36 -> 3498 | N37: =' 05-03-26'!F36 -> 3170 | O37: =' 06-03-26'!E36 -> 2966 | P37: =' 06-03-26'!F36 -> 3399 | Q37: =' 07-03-26'!E36 -> 3303 | R37: =' 07-03-26'!F36 -> 3488 | S37: =' 08-03-26'!E36 -> 5009 | T37: =' 08-03-26'!F36 -> 3315 | U37: =' 09-03-26'!E36 -> 3253 | V37: =' 09-03-26'!F36 -> 3428 | W37: =' 10-03-26'!E36 -> 3397 | X37: =' 10-03-26'!F36 -> 3372 | Y37: =' 11-03-26'!E36 -> 3461 | Z37: =' 11-03-26'!F36 -> 3480 | AA37: =' 12-03-26'!E36 -> 0 | AB37: =' 12-03-26'!F36 -> 0 | AC37: =' 13-03-26'!E36 -> 0 | AD37: =' 13-03-26'!F36 -> 0 | AE37: =' 14-03-26'!E36 -> 3244 | AF37: =' 14-03-26'!F36 -> 0 | AG37: =' 15-03-26'!E36 -> 0 | AH37: =' 15-03-26'!F36 -> 0 | AI37: =' 16-03-26'!E36 -> 0 | AJ37: =' 16-03-26'!F36 -> 0 | AK37: =' 17-03-26'!E36 -> 0 | AL37: =' 17-03-26'!F36 -> 0 | AM37: =' 18-03-26'!E36 -> 3510 | AN37: =' 18-03-26'!F36 -> 2359 | AO37: =' 19-03-26'!E36 -> 3285 | AP37: =' 19-03-26'!F36 -> 3435 | AQ37: =' 20-03-26'!E36 -> 3365 | AR37: =' 20-03-26'!F36 -> 3260 | AS37: =' 21-03-26'!E36 -> 3299 | AT37: =' 21-03-26'!F36 -> 3062 | AU37: =' 22-03-26'!E36 -> 2054 | AV37: =' 22-03-26'!F36 -> 1301 | AW37: =' 23-03-26'!E36 -> 0 | AX37: =' 23-03-26'!F36 -> 1060 | AY37: =' 24-03-26'!E36 -> 931 | AZ37: =' 24-03-26'!F36 -> 0 | BA37: =' 25-06-26'!E36 -> 860 | BB37: =' 25-06-26'!F36 -> 0 | BC37: =' 26-03-26'!E36 -> 0 | BD37: =' 26-03-26'!F36 -> 0 | BE37: =' 27-03-26'!E36 -> 0 | BF37: =' 27-03-26'!F36 -> 0 | BG37: =' 28-03-26'!E36 -> 1201 | BH37: =' 28-03-26'!F36 -> 3230 | BI37: =' 29-03-26'!E36 -> 1461 | BJ37: =' 29-03-26'!F36 -> 0 | BK37: =' 30-03-26'!E36 -> 0 | BL37: =' 30-03-26'!F36 -> 0 | BM37: =' 31-03-26'!E36 -> 0 | BN37: =' 31-03-26'!F36 -> 0
B38: pH | C38: Diaria | D38: 10,5 - 11,9 | E38: =' 01-03-26'!E37 -> 11.59 | F38: =' 01-03-26'!F37 -> 11.67 | G38: =' 02-03-26'!E37 -> 11.68 | H38: =' 02-03-26'!F37 -> 11.61 | I38: =' 03-03-26'!E37 -> 10.89 | J38: =' 03-03-26'!F37 -> 11.9 | K38: =' 04-03-26'!E37 -> 11.84 | L38: =' 04-03-26'!F37 -> 11.79 | M38: =' 05-03-26'!E37 -> 11.9 | N38: =' 05-03-26'!F37 -> 11.8 | O38: =' 06-03-26'!E37 -> 11.75 | P38: =' 06-03-26'!F37 -> 12 | Q38: =' 07-03-26'!E37 -> 11.5 | R38: =' 07-03-26'!F37 -> 11.9 | S38: =' 08-03-26'!E37 -> 11.9 | T38: =' 08-03-26'!F37 -> 11.65 | U38: =' 09-03-26'!E37 -> 11.89 | V38: =' 09-03-26'!F37 -> 11.79 | W38: =' 10-03-26'!E37 -> 11.9 | X38: =' 10-03-26'!F37 -> 11.9 | Y38: =' 11-03-26'!E37 -> 11.89 | Z38: =' 11-03-26'!F37 -> 11.88 | AA38: =' 12-03-26'!E37 -> 0 | AB38: =' 12-03-26'!F37 -> 0 | AC38: =' 13-03-26'!E37 -> 0 | AD38: =' 13-03-26'!F37 -> 0 | AE38: =' 14-03-26'!E37 -> 11.8 | AF38: =' 14-03-26'!F37 -> 11.84 | AG38: =' 15-03-26'!E37 -> 0 | AH38: =' 15-03-26'!F37 -> 0 | AI38: =' 16-03-26'!E37 -> 0 | AJ38: =' 16-03-26'!F37 -> 0 | AK38: =' 17-03-26'!E37 -> 11.73 | AL38: =' 17-03-26'!F37 -> 11.77 | AM38: =' 18-03-26'!E37 -> 11.7 | AN38: =' 18-03-26'!F37 -> 11.64 | AO38: =' 19-03-26'!E37 -> 11.9 | AP38: =' 19-03-26'!F37 -> 11.85 | AQ38: =' 20-03-26'!E37 -> 11.72 | AR38: =' 20-03-26'!F37 -> 11.84 | AS38: =' 21-03-26'!E37 -> 11.5 | AT38: =' 21-03-26'!F37 -> 11.67 | AU38: =' 22-03-26'!E37 -> 10.9 | AV38: =' 22-03-26'!F37 -> 10.61 | AW38: =' 23-03-26'!E37 -> 10.7 | AX38: =' 23-03-26'!F37 -> 10.9 | AY38: =' 24-03-26'!E37 -> 10.76 | AZ38: =' 24-03-26'!F37 -> 10.81 | BA38: =' 25-06-26'!E37 -> 10.71 | BB38: =' 25-06-26'!F37 -> 10.54 | BC38: =' 26-03-26'!E37 -> 0 | BD38: =' 26-03-26'!F37 -> 0 | BE38: =' 27-03-26'!E37 -> 0 | BF38: =' 27-03-26'!F37 -> 0 | BG38: =' 28-03-26'!E37 -> 10.53 | BH38: =' 28-03-26'!F37 -> 11.62 | BI38: =' 29-03-26'!E37 -> 10.74 | BJ38: =' 29-03-26'!F37 -> 0 | BK38: =' 30-03-26'!E37 -> 0 | BL38: =' 30-03-26'!F37 -> 0 | BM38: =' 31-03-26'!E37 -> 0 | BN38: =' 31-03-26'!F37 -> 0
B39: Sílice en SiO2 | C39: Semanal | D39: ≤ 150 mg/l | E39: =' 01-03-26'!E38 -> 0 | F39: =' 01-03-26'!F38 -> 0 | G39: =' 02-03-26'!E38 -> 0 | H39: =' 02-03-26'!F38 -> 0 | I39: =' 03-03-26'!E38 -> 115 | J39: =' 03-03-26'!F38 -> 0 | K39: =' 04-03-26'!E38 -> 0 | L39: =' 04-03-26'!F38 -> 0 | M39: =' 05-03-26'!E38 -> 0 | N39: =' 05-03-26'!F38 -> 0 | O39: =' 06-03-26'!E38 -> 0 | P39: =' 06-03-26'!F38 -> 0 | Q39: =' 07-03-26'!E38 -> 0 | R39: =' 07-03-26'!F38 -> 0 | S39: =' 08-03-26'!E38 -> 0 | T39: =' 08-03-26'!F38 -> 0 | U39: =' 09-03-26'!E38 -> 0 | V39: =' 09-03-26'!F38 -> 0 | W39: =' 10-03-26'!E38 -> 0 | X39: =' 10-03-26'!F38 -> 0 | Y39: =' 11-03-26'!E38 -> 0 | Z39: =' 11-03-26'!F38 -> 0 | AA39: =' 12-03-26'!E38 -> 0 | AB39: =' 12-03-26'!F38 -> 0 | AC39: =' 13-03-26'!E38 -> 0 | AD39: =' 13-03-26'!F38 -> 0 | AE39: =' 14-03-26'!E38 -> 0 | AF39: =' 14-03-26'!F38 -> 0 | AG39: =' 15-03-26'!E38 -> 0 | AH39: =' 15-03-26'!F38 -> 0 | AI39: =' 16-03-26'!E38 -> 0 | AJ39: =' 16-03-26'!F38 -> 0 | AK39: =' 17-03-26'!E38 -> 0 | AL39: =' 17-03-26'!F38 -> 0 | AM39: =' 18-03-26'!E38 -> 0 | AN39: =' 18-03-26'!F38 -> 0 | AO39: =' 19-03-26'!E38 -> 0 | AP39: =' 19-03-26'!F38 -> 0 | AQ39: =' 20-03-26'!E38 -> 0 | AR39: =' 20-03-26'!F38 -> 0 | AS39: =' 21-03-26'!E38 -> 0 | AT39: =' 21-03-26'!F38 -> 0 | AU39: =' 22-03-26'!E38 -> 0 | AV39: =' 22-03-26'!F38 -> 0 | AW39: =' 23-03-26'!E38 -> 0 | AX39: =' 23-03-26'!F38 -> 0 | AY39: =' 24-03-26'!E38 -> 0 | AZ39: =' 24-03-26'!F38 -> 0 | BA39: =' 25-06-26'!E38 -> 0 | BB39: =' 25-06-26'!F38 -> 0 | BC39: =' 26-03-26'!E38 -> 0 | BD39: =' 26-03-26'!F38 -> 0 | BE39: =' 27-03-26'!E38 -> 0 | BF39: =' 27-03-26'!F38 -> 0 | BG39: =' 28-03-26'!E38 -> 0 | BH39: =' 28-03-26'!F38 -> 0 | BI39: =' 29-03-26'!E38 -> 0 | BJ39: =' 29-03-26'!F38 -> 0 | BK39: =' 30-03-26'!E38 -> 0 | BL39: =' 30-03-26'!F38 -> 0 | BM39: =' 31-03-26'!E38 -> 0 | BN39: =' 31-03-26'!F38 -> 0
B40: Dureza Total en CaCO3 | C40: Semanal | D40: ˂ 3 mg/l | E40: =' 01-03-26'!E39 -> 0 | F40: =' 01-03-26'!F39 -> 0 | G40: =' 02-03-26'!E39 -> 0 | H40: =' 02-03-26'!F39 -> 0 | I40: =' 03-03-26'!E39 -> 1.06 | J40: =' 03-03-26'!F39 -> 0 | K40: =' 04-03-26'!E39 -> 0 | L40: =' 04-03-26'!F39 -> 0 | M40: =' 05-03-26'!E39 -> 0 | N40: =' 05-03-26'!F39 -> 0 | O40: =' 06-03-26'!E39 -> 0 | P40: =' 06-03-26'!F39 -> 0 | Q40: =' 07-03-26'!E39 -> 0 | R40: =' 07-03-26'!F39 -> 0 | S40: =' 08-03-26'!E39 -> 0 | T40: =' 08-03-26'!F39 -> 0 | U40: =' 09-03-26'!E39 -> 0 | V40: =' 09-03-26'!F39 -> 0 | W40: =' 10-03-26'!E39 -> 0 | X40: =' 10-03-26'!F39 -> 0 | Y40: =' 11-03-26'!E39 -> 0 | Z40: =' 11-03-26'!F39 -> 0 | AA40: =' 12-03-26'!E39 -> 0 | AB40: =' 12-03-26'!F39 -> 0 | AC40: =' 13-03-26'!E39 -> 0 | AD40: =' 13-03-26'!F39 -> 0 | AE40: =' 14-03-26'!E39 -> 0 | AF40: =' 14-03-26'!F39 -> 0 | AG40: =' 15-03-26'!E39 -> 0 | AH40: =' 15-03-26'!F39 -> 0 | AI40: =' 16-03-26'!E39 -> 0 | AJ40: =' 16-03-26'!F39 -> 0 | AK40: =' 17-03-26'!E39 -> 0 | AL40: =' 17-03-26'!F39 -> 0 | AM40: =' 18-03-26'!E39 -> 0 | AN40: =' 18-03-26'!F39 -> 0 | AO40: =' 19-03-26'!E39 -> 0 | AP40: =' 19-03-26'!F39 -> 0 | AQ40: =' 20-03-26'!E39 -> 0 | AR40: =' 20-03-26'!F39 -> 0 | AS40: =' 21-03-26'!E39 -> 0 | AT40: =' 21-03-26'!F39 -> 0 | AU40: =' 22-03-26'!E39 -> 0 | AV40: =' 22-03-26'!F39 -> 0 | AW40: =' 23-03-26'!E39 -> 0 | AX40: =' 23-03-26'!F39 -> 0 | AY40: =' 24-03-26'!E39 -> 0 | AZ40: =' 24-03-26'!F39 -> 0 | BA40: =' 25-06-26'!E39 -> 1.75 | BB40: =' 25-06-26'!F39 -> 0 | BC40: =' 26-03-26'!E39 -> 0 | BD40: =' 26-03-26'!F39 -> 0 | BE40: =' 27-03-26'!E39 -> 0 | BF40: =' 27-03-26'!F39 -> 0 | BG40: =' 28-03-26'!E39 -> 0 | BH40: =' 28-03-26'!F39 -> 0 | BI40: =' 29-03-26'!E39 -> 0 | BJ40: =' 29-03-26'!F39 -> 0 | BK40: =' 30-03-26'!E39 -> 0 | BL40: =' 30-03-26'!F39 -> 0 | BM40: =' 31-03-26'!E39 -> 0 | BN40: =' 31-03-26'!F39 -> 0
B41: Hierro Total | C41: Mensual | D41: ˂ 1 mg/l | E41: =' 01-03-26'!E40 -> 0 | F41: =' 01-03-26'!F40 -> 0 | G41: =' 02-03-26'!E40 -> 0 | H41: =' 02-03-26'!F40 -> 0 | I41: =' 03-03-26'!E40 -> 0.71 | J41: =' 03-03-26'!F40 -> 0 | K41: =' 04-03-26'!E40 -> 0 | L41: =' 04-03-26'!F40 -> 0 | M41: =' 05-03-26'!E40 -> 0 | N41: =' 05-03-26'!F40 -> 0 | O41: =' 06-03-26'!E40 -> 0 | P41: =' 06-03-26'!F40 -> 0 | Q41: =' 07-03-26'!E40 -> 0 | R41: =' 07-03-26'!F40 -> 0 | S41: =' 08-03-26'!E40 -> 0 | T41: =' 08-03-26'!F40 -> 0 | U41: =' 09-03-26'!E40 -> 0 | V41: =' 09-03-26'!F40 -> 0 | W41: =' 10-03-26'!E40 -> 0 | X41: =' 10-03-26'!F40 -> 0 | Y41: =' 11-03-26'!E40 -> 0 | Z41: =' 11-03-26'!F40 -> 0 | AA41: =' 12-03-26'!E40 -> 0 | AB41: =' 12-03-26'!F40 -> 0 | AC41: =' 13-03-26'!E40 -> 0 | AD41: =' 13-03-26'!F40 -> 0 | AE41: =' 14-03-26'!E40 -> 0 | AF41: =' 14-03-26'!F40 -> 0 | AG41: =' 15-03-26'!E40 -> 0 | AH41: =' 15-03-26'!F40 -> 0 | AI41: =' 16-03-26'!E40 -> 0 | AJ41: =' 16-03-26'!F40 -> 0 | AK41: =' 17-03-26'!E40 -> 0 | AL41: =' 17-03-26'!F40 -> 0 | AM41: =' 18-03-26'!E40 -> 0 | AN41: =' 18-03-26'!F40 -> 0 | AO41: =' 19-03-26'!E40 -> 0 | AP41: =' 19-03-26'!F40 -> 0 | AQ41: =' 20-03-26'!E40 -> 0 | AR41: =' 20-03-26'!F40 -> 0 | AS41: =' 21-03-26'!E40 -> 0 | AT41: =' 21-03-26'!F40 -> 0 | AU41: =' 22-03-26'!E40 -> 0 | AV41: =' 22-03-26'!F40 -> 0 | AW41: =' 23-03-26'!E40 -> 0 | AX41: =' 23-03-26'!F40 -> 0 | AY41: =' 24-03-26'!E40 -> 0.04 | AZ41: =' 24-03-26'!F40 -> 0 | BA41: =' 25-06-26'!E40 -> 0.03 | BB41: =' 25-06-26'!F40 -> 0 | BC41: =' 26-03-26'!E40 -> 0 | BD41: =' 26-03-26'!F40 -> 0 | BE41: =' 27-03-26'!E40 -> 0 | BF41: =' 27-03-26'!F40 -> 0 | BG41: =' 28-03-26'!E40 -> 0 | BH41: =' 28-03-26'!F40 -> 0 | BI41: =' 29-03-26'!E40 -> 0 | BJ41: =' 29-03-26'!F40 -> 0 | BK41: =' 30-03-26'!E40 -> 0 | BL41: =' 30-03-26'!F40 -> 0 | BM41: =' 31-03-26'!E40 -> 0 | BN41: =' 31-03-26'!F40 -> 0
B42: Sulfito | C42: Diaria | D42: 30 - 60 mg/l | E42: =' 01-03-26'!E41 -> 35 | F42: =' 01-03-26'!F41 -> 30 | G42: =' 02-03-26'!E41 -> 39 | H42: =' 02-03-26'!F41 -> 42 | I42: =' 03-03-26'!E41 -> 49 | J42: =' 03-03-26'!F41 -> 46 | K42: =' 04-03-26'!E41 -> 56 | L42: =' 04-03-26'!F41 -> 47 | M42: =' 05-03-26'!E41 -> 48 | N42: =' 05-03-26'!F41 -> 52 | O42: =' 06-03-26'!E41 -> 60 | P42: =' 06-03-26'!F41 -> 42 | Q42: =' 07-03-26'!E41 -> 50 | R42: =' 07-03-26'!F41 -> 30 | S42: =' 08-03-26'!E41 -> 34 | T42: =' 08-03-26'!F41 -> 40 | U42: =' 09-03-26'!E41 -> 36 | V42: =' 09-03-26'!F41 -> 32 | W42: =' 10-03-26'!E41 -> 38 | X42: =' 10-03-26'!F41 -> 34 | Y42: =' 11-03-26'!E41 -> 32 | Z42: =' 11-03-26'!F41 -> 36 | AA42: =' 12-03-26'!E41 -> 0 | AB42: =' 12-03-26'!F41 -> 0 | AC42: =' 13-03-26'!E41 -> 0 | AD42: =' 13-03-26'!F41 -> 0 | AE42: =' 14-03-26'!E41 -> 34 | AF42: =' 14-03-26'!F41 -> 58 | AG42: =' 15-03-26'!E41 -> 0 | AH42: =' 15-03-26'!F41 -> 0 | AI42: =' 16-03-26'!E41 -> 0 | AJ42: =' 16-03-26'!F41 -> 0 | AK42: =' 17-03-26'!E41 -> 32 | AL42: =' 17-03-26'!F41 -> 36 | AM42: =' 18-03-26'!E41 -> 58 | AN42: =' 18-03-26'!F41 -> 25 | AO42: =' 19-03-26'!E41 -> 30 | AP42: =' 19-03-26'!F41 -> 32 | AQ42: =' 20-03-26'!E41 -> 38 | AR42: =' 20-03-26'!F41 -> 34 | AS42: =' 21-03-26'!E41 -> 66 | AT42: =' 21-03-26'!F41 -> 56 | AU42: =' 22-03-26'!E41 -> 20 | AV42: =' 22-03-26'!F41 -> 26 | AW42: =' 23-03-26'!E41 -> 30 | AX42: =' 23-03-26'!F41 -> 31 | AY42: =' 24-03-26'!E41 -> 50 | AZ42: =' 24-03-26'!F41 -> 41 | BA42: =' 25-06-26'!E41 -> 40 | BB42: =' 25-06-26'!F41 -> 44 | BC42: =' 26-03-26'!E41 -> 0 | BD42: =' 26-03-26'!F41 -> 0 | BE42: =' 27-03-26'!E41 -> 0 | BF42: =' 27-03-26'!F41 -> 0 | BG42: =' 28-03-26'!E41 -> 31 | BH42: =' 28-03-26'!F41 -> 52 | BI42: =' 29-03-26'!E41 -> 30 | BJ42: =' 29-03-26'!F41 -> 0 | BK42: =' 30-03-26'!E41 -> 0 | BL42: =' 30-03-26'!F41 -> 0 | BM42: =' 31-03-26'!E41 -> 0 | BN42: =' 31-03-26'!F41 -> 0
B43: Fosfato | C43: Diaria | D43: 30 - 60 mg/l | E43: =' 01-03-26'!E42 -> 30 | F43: =' 01-03-26'!F42 -> 30 | G43: =' 02-03-26'!E42 -> 30 | H43: =' 02-03-26'!F42 -> 32.5 | I43: =' 03-03-26'!E42 -> 42.5 | J43: =' 03-03-26'!F42 -> 45 | K43: =' 04-03-26'!E42 -> 40 | L43: =' 04-03-26'!F42 -> 57.5 | M43: =' 05-03-26'!E42 -> 45 | N43: =' 05-03-26'!F42 -> 60 | O43: =' 06-03-26'!E42 -> 52.5 | P43: =' 06-03-26'!F42 -> 32.5 | Q43: =' 07-03-26'!E42 -> 42.5 | R43: =' 07-03-26'!F42 -> 0 | S43: =' 08-03-26'!E42 -> 0 | T43: =' 08-03-26'!F42 -> 0 | U43: =' 09-03-26'!E42 -> 0 | V43: =' 09-03-26'!F42 -> 0 | W43: =' 10-03-26'!E42 -> 0 | X43: =' 10-03-26'!F42 -> 0 | Y43: =' 11-03-26'!E42 -> 0 | Z43: =' 11-03-26'!F42 -> 0 | AA43: =' 12-03-26'!E42 -> 0 | AB43: =' 12-03-26'!F42 -> 0 | AC43: =' 13-03-26'!E42 -> 0 | AD43: =' 13-03-26'!F42 -> 0 | AE43: =' 14-03-26'!E42 -> 32.5 | AF43: =' 14-03-26'!F42 -> 50 | AG43: =' 15-03-26'!E42 -> 0 | AH43: =' 15-03-26'!F42 -> 0 | AI43: =' 16-03-26'!E42 -> 0 | AJ43: =' 16-03-26'!F42 -> 0 | AK43: =' 17-03-26'!E42 -> 37.5 | AL43: =' 17-03-26'!F42 -> 40 | AM43: =' 18-03-26'!E42 -> 60 | AN43: =' 18-03-26'!F42 -> 38 | AO43: =' 19-03-26'!E42 -> 37.5 | AP43: =' 19-03-26'!F42 -> 35 | AQ43: =' 20-03-26'!E42 -> 27.5 | AR43: =' 20-03-26'!F42 -> 50 | AS43: =' 21-03-26'!E42 -> 40 | AT43: =' 21-03-26'!F42 -> 35 | AU43: =' 22-03-26'!E42 -> 40 | AV43: =' 22-03-26'!F42 -> 30 | AW43: =' 23-03-26'!E42 -> 32.5 | AX43: =' 23-03-26'!F42 -> 27.5 | AY43: =' 24-03-26'!E42 -> 60 | AZ43: =' 24-03-26'!F42 -> 32.5 | BA43: =' 25-06-26'!E42 -> 30 | BB43: =' 25-06-26'!F42 -> 32.5 | BC43: =' 26-03-26'!E42 -> 0 | BD43: =' 26-03-26'!F42 -> 0 | BE43: =' 27-03-26'!E42 -> 0 | BF43: =' 27-03-26'!F42 -> 0 | BG43: =' 28-03-26'!E42 -> 12.5 | BH43: =' 28-03-26'!F42 -> 57.5 | BI43: =' 29-03-26'!E42 -> 22.5 | BJ43: =' 29-03-26'!F42 -> 0 | BK43: =' 30-03-26'!E42 -> 0 | BL43: =' 30-03-26'!F42 -> 0 | BM43: =' 31-03-26'!E42 -> 0 | BN43: =' 31-03-26'!F42 -> 0
B44: TDS | C44: Diaria | D44: − | E44: =' 01-03-26'!E43 -> 1770 | F44: =' 01-03-26'!F43 -> 1890 | G44: =' 02-03-26'!E43 -> 1760 | H44: =' 02-03-26'!F43 -> 1832 | I44: =' 03-03-26'!E43 -> 0 | J44: =' 03-03-26'!F43 -> 2556 | K44: =' 04-03-26'!E43 -> 2605 | L44: =' 04-03-26'!F43 -> 2470 | M44: =' 05-03-26'!E43 -> 2586 | N44: =' 05-03-26'!F43 -> 2309 | O44: =' 06-03-26'!E43 -> 2159 | P44: =' 06-03-26'!F43 -> 1977 | Q44: =' 07-03-26'!E43 -> 2216 | R44: =' 07-03-26'!F43 -> 2568 | S44: =' 08-03-26'!E43 -> 2842 | T44: =' 08-03-26'!F43 -> 2435 | U44: =' 09-03-26'!E43 -> 2385 | V44: =' 09-03-26'!F43 -> 2464 | W44: =' 10-03-26'!E43 -> 2498 | X44: =' 10-03-26'!F43 -> 2484 | Y44: =' 11-03-26'!E43 -> 2550 | Z44: =' 11-03-26'!F43 -> 2575 | AA44: =' 12-03-26'!E43 -> 0 | AB44: =' 12-03-26'!F43 -> 0 | AC44: =' 13-03-26'!E43 -> 0 | AD44: =' 13-03-26'!F43 -> 0 | AE44: =' 14-03-26'!E43 -> 2890 | AF44: =' 14-03-26'!F43 -> 0 | AG44: =' 15-03-26'!E43 -> 0 | AH44: =' 15-03-26'!F43 -> 0 | AI44: =' 16-03-26'!E43 -> 0 | AJ44: =' 16-03-26'!F43 -> 0 | AK44: =' 17-03-26'!E43 -> 0 | AL44: =' 17-03-26'!F43 -> 0 | AM44: =' 18-03-26'!E43 -> 2630 | AN44: =' 18-03-26'!F43 -> 1708 | AO44: =' 19-03-26'!E43 -> 2450 | AP44: =' 19-03-26'!F43 -> 2555 | AQ44: =' 20-03-26'!E43 -> 2489 | AR44: =' 20-03-26'!F43 -> 2423 | AS44: =' 21-03-26'!E43 -> 2436 | AT44: =' 21-03-26'!F43 -> 2238 | AU44: =' 22-03-26'!E43 -> 1917 | AV44: =' 22-03-26'!F43 -> 905 | AW44: =' 23-03-26'!E43 -> 1210 | AX44: =' 23-03-26'!F43 -> 722 | AY44: =' 24-03-26'!E43 -> 643 | AZ44: =' 24-03-26'!F43 -> 780 | BA44: =' 25-06-26'!E43 -> 791 | BB44: =' 25-06-26'!F43 -> 0 | BC44: =' 26-03-26'!E43 -> 0 | BD44: =' 26-03-26'!F43 -> 0 | BE44: =' 27-03-26'!E43 -> 0 | BF44: =' 27-03-26'!F43 -> 0 | BG44: =' 28-03-26'!E43 -> 837 | BH44: =' 28-03-26'!F43 -> 2402 | BI44: =' 29-03-26'!E43 -> 1016 | BJ44: =' 29-03-26'!F43 -> 0 | BK44: =' 30-03-26'!E43 -> 0 | BL44: =' 30-03-26'!F43 -> 0 | BM44: =' 31-03-26'!E43 -> 0 | BN44: =' 31-03-26'!F43 -> 0
A46: Caldera N°3 | B46: Alcalinidad +M en CaCO3 | C46: Semanal | D46: ≤ 700 mg/l | E46: =' 01-03-26'!E45 -> 0 | F46: =' 01-03-26'!F45 -> 0 | G46: =' 02-03-26'!E45 -> 440 | H46: =' 02-03-26'!F45 -> 0 | I46: =' 03-03-26'!E45 -> 688 | J46: =' 03-03-26'!F45 -> 0 | K46: =' 04-03-26'!E45 -> 0 | L46: =' 04-03-26'!F45 -> 0 | M46: =' 05-03-26'!E45 -> 0 | N46: =' 05-03-26'!F45 -> 0 | O46: =' 06-03-26'!E45 -> 0 | P46: =' 06-03-26'!F45 -> 0 | Q46: =' 07-03-26'!E45 -> 0 | R46: =' 07-03-26'!F45 -> 0 | S46: =' 08-03-26'!E45 -> 0 | T46: =' 08-03-26'!F45 -> 0 | U46: =' 09-03-26'!E45 -> 0 | V46: =' 09-03-26'!F45 -> 0 | W46: =' 10-03-26'!E45 -> 572 | X46: =' 10-03-26'!F45 -> 0 | Y46: =' 11-03-26'!E45 -> 0 | Z46: =' 11-03-26'!F45 -> 0 | AA46: =' 12-03-26'!E45 -> 0 | AB46: =' 12-03-26'!F45 -> 0 | AC46: =' 13-03-26'!E45 -> 0 | AD46: =' 13-03-26'!F45 -> 0 | AE46: =' 14-03-26'!E45 -> 0 | AF46: =' 14-03-26'!F45 -> 0 | AG46: =' 15-03-26'!E45 -> 0 | AH46: =' 15-03-26'!F45 -> 0 | AI46: =' 16-03-26'!E45 -> 0 | AJ46: =' 16-03-26'!F45 -> 0 | AK46: =' 17-03-26'!E45 -> 0 | AL46: =' 17-03-26'!F45 -> 0 | AM46: =' 18-03-26'!E45 -> 836 | AN46: =' 18-03-26'!F45 -> 0 | AO46: =' 19-03-26'!E45 -> 0 | AP46: =' 19-03-26'!F45 -> 0 | AQ46: =' 20-03-26'!E45 -> 0 | AR46: =' 20-03-26'!F45 -> 0 | AS46: =' 21-03-26'!E45 -> 0 | AT46: =' 21-03-26'!F45 -> 0 | AU46: =' 22-03-26'!E45 -> 0 | AV46: =' 22-03-26'!F45 -> 0 | AW46: =' 23-03-26'!E45 -> 0 | AX46: =' 23-03-26'!F45 -> 0 | AY46: =' 24-03-26'!E45 -> 0 | AZ46: =' 24-03-26'!F45 -> 0 | BA46: =' 25-06-26'!E45 -> 624 | BB46: =' 25-06-26'!F45 -> 0 | BC46: =' 26-03-26'!E45 -> 0 | BD46: =' 26-03-26'!F45 -> 0 | BE46: =' 27-03-26'!E45 -> 0 | BF46: =' 27-03-26'!F45 -> 0 | BG46: =' 28-03-26'!E45 -> 0 | BH46: =' 28-03-26'!F45 -> 0 | BI46: =' 29-03-26'!E45 -> 0 | BJ46: =' 29-03-26'!F45 -> 0 | BK46: =' 30-03-26'!E45 -> 0 | BL46: =' 30-03-26'!F45 -> 0 | BM46: =' 31-03-26'!E45 -> 0 | BN46: =' 31-03-26'!F45 -> 0
B47: Alcalinidad OH¯ en CaCO3 | C47: Semanal | D47: ≥ 40 mg/l | E47: =' 01-03-26'!E46 -> 0 | F47: =' 01-03-26'!F46 -> 0 | G47: =' 02-03-26'!E46 -> 216 | H47: =' 02-03-26'!F46 -> 0 | I47: =' 03-03-26'!E46 -> 360 | J47: =' 03-03-26'!F46 -> 0 | K47: =' 04-03-26'!E46 -> 0 | L47: =' 04-03-26'!F46 -> 0 | M47: =' 05-03-26'!E46 -> 0 | N47: =' 05-03-26'!F46 -> 0 | O47: =' 06-03-26'!E46 -> 0 | P47: =' 06-03-26'!F46 -> 0 | Q47: =' 07-03-26'!E46 -> 0 | R47: =' 07-03-26'!F46 -> 0 | S47: =' 08-03-26'!E46 -> 0 | T47: =' 08-03-26'!F46 -> 0 | U47: =' 09-03-26'!E46 -> 0 | V47: =' 09-03-26'!F46 -> 0 | W47: =' 10-03-26'!E46 -> 236 | X47: =' 10-03-26'!F46 -> 0 | Y47: =' 11-03-26'!E46 -> 0 | Z47: =' 11-03-26'!F46 -> 0 | AA47: =' 12-03-26'!E46 -> 0 | AB47: =' 12-03-26'!F46 -> 0 | AC47: =' 13-03-26'!E46 -> 0 | AD47: =' 13-03-26'!F46 -> 0 | AE47: =' 14-03-26'!E46 -> 0 | AF47: =' 14-03-26'!F46 -> 0 | AG47: =' 15-03-26'!E46 -> 0 | AH47: =' 15-03-26'!F46 -> 0 | AI47: =' 16-03-26'!E46 -> 0 | AJ47: =' 16-03-26'!F46 -> 0 | AK47: =' 17-03-26'!E46 -> 0 | AL47: =' 17-03-26'!F46 -> 0 | AM47: =' 18-03-26'!E46 -> 364 | AN47: =' 18-03-26'!F46 -> 0 | AO47: =' 19-03-26'!E46 -> 0 | AP47: =' 19-03-26'!F46 -> 0 | AQ47: =' 20-03-26'!E46 -> 0 | AR47: =' 20-03-26'!F46 -> 0 | AS47: =' 21-03-26'!E46 -> 0 | AT47: =' 21-03-26'!F46 -> 0 | AU47: =' 22-03-26'!E46 -> 0 | AV47: =' 22-03-26'!F46 -> 0 | AW47: =' 23-03-26'!E46 -> 0 | AX47: =' 23-03-26'!F46 -> 0 | AY47: =' 24-03-26'!E46 -> 0 | AZ47: =' 24-03-26'!F46 -> 0 | BA47: =' 25-06-26'!E46 -> 344 | BB47: =' 25-06-26'!F46 -> 0 | BC47: =' 26-03-26'!E46 -> 0 | BD47: =' 26-03-26'!F46 -> 0 | BE47: =' 27-03-26'!E46 -> 0 | BF47: =' 27-03-26'!F46 -> 0 | BG47: =' 28-03-26'!E46 -> 0 | BH47: =' 28-03-26'!F46 -> 0 | BI47: =' 29-03-26'!E46 -> 0 | BJ47: =' 29-03-26'!F46 -> 0 | BK47: =' 30-03-26'!E46 -> 0 | BL47: =' 30-03-26'!F46 -> 0 | BM47: =' 31-03-26'!E46 -> 0 | BN47: =' 31-03-26'!F46 -> 0
B48: Conductividad | C48: Diaria | D48: 1.100 - 1.500 uS/cm | E48: =' 01-03-26'!E47 -> 0 | F48: =' 01-03-26'!F47 -> 0 | G48: =' 02-03-26'!E47 -> 1561 | H48: =' 02-03-26'!F47 -> 0 | I48: =' 03-03-26'!E47 -> 1866 | J48: =' 03-03-26'!F47 -> 2274 | K48: =' 04-03-26'!E47 -> 1994 | L48: =' 04-03-26'!F47 -> 1460 | M48: =' 05-03-26'!E47 -> 1583 | N48: =' 05-03-26'!F47 -> 1956 | O48: =' 06-03-26'!E47 -> 2491 | P48: =' 06-03-26'!F47 -> 2705 | Q48: =' 07-03-26'!E47 -> 3083 | R48: =' 07-03-26'!F47 -> 2941 | S48: =' 08-03-26'!E47 -> 3828 | T48: =' 08-03-26'!F47 -> 2469 | U48: =' 09-03-26'!E47 -> 2129 | V48: =' 09-03-26'!F47 -> 2226 | W48: =' 10-03-26'!E47 -> 1862 | X48: =' 10-03-26'!F47 -> 2058 | Y48: =' 11-03-26'!E47 -> 2356 | Z48: =' 11-03-26'!F47 -> 2537 | AA48: =' 12-03-26'!E47 -> 0 | AB48: =' 12-03-26'!F47 -> 0 | AC48: =' 13-03-26'!E47 -> 0 | AD48: =' 13-03-26'!F47 -> 0 | AE48: =' 14-03-26'!E47 -> 3022 | AF48: =' 14-03-26'!F47 -> 0 | AG48: =' 15-03-26'!E47 -> 0 | AH48: =' 15-03-26'!F47 -> 0 | AI48: =' 16-03-26'!E47 -> 0 | AJ48: =' 16-03-26'!F47 -> 0 | AK48: =' 17-03-26'!E47 -> 0 | AL48: =' 17-03-26'!F47 -> 0 | AM48: =' 18-03-26'!E47 -> 2670 | AN48: =' 18-03-26'!F47 -> 2651 | AO48: =' 19-03-26'!E47 -> 1656 | AP48: =' 19-03-26'!F47 -> 2284 | AQ48: =' 20-03-26'!E47 -> 2073 | AR48: =' 20-03-26'!F47 -> 2016 | AS48: =' 21-03-26'!E47 -> 2495 | AT48: =' 21-03-26'!F47 -> 1623 | AU48: =' 22-03-26'!E47 -> 2248 | AV48: =' 22-03-26'!F47 -> 2158 | AW48: =' 23-03-26'!E47 -> 0 | AX48: =' 23-03-26'!F47 -> 2268 | AY48: =' 24-03-26'!E47 -> 2361 | AZ48: =' 24-03-26'!F47 -> 0 | BA48: =' 25-06-26'!E47 -> 1980 | BB48: =' 25-06-26'!F47 -> 0 | BC48: =' 26-03-26'!E47 -> 0 | BD48: =' 26-03-26'!F47 -> 0 | BE48: =' 27-03-26'!E47 -> 0 | BF48: =' 27-03-26'!F47 -> 0 | BG48: =' 28-03-26'!E47 -> 2216 | BH48: =' 28-03-26'!F47 -> 0 | BI48: =' 29-03-26'!E47 -> 671 | BJ48: =' 29-03-26'!F47 -> 0 | BK48: =' 30-03-26'!E47 -> 0 | BL48: =' 30-03-26'!F47 -> 0 | BM48: =' 31-03-26'!E47 -> 0 | BN48: =' 31-03-26'!F47 -> 0
B49: pH | C49: Diaria | D49: 10,5 - 11,9 | E49: =' 01-03-26'!E48 -> 0 | F49: =' 01-03-26'!F48 -> 0 | G49: =' 02-03-26'!E48 -> 11.29 | H49: =' 02-03-26'!F48 -> 0 | I49: =' 03-03-26'!E48 -> 10.96 | J49: =' 03-03-26'!F48 -> 11.71 | K49: =' 04-03-26'!E48 -> 0 | L49: =' 04-03-26'!F48 -> 11.2 | M49: =' 05-03-26'!E48 -> 11.35 | N49: =' 05-03-26'!F48 -> 11.45 | O49: =' 06-03-26'!E48 -> 11.75 | P49: =' 06-03-26'!F48 -> 11.87 | Q49: =' 07-03-26'!E48 -> 11.5 | R49: =' 07-03-26'!F48 -> 11.82 | S49: =' 08-03-26'!E48 -> 11.64 | T49: =' 08-03-26'!F48 -> 11.54 | U49: =' 09-03-26'!E48 -> 11.77 | V49: =' 09-03-26'!F48 -> 11.75 | W49: =' 10-03-26'!E48 -> 11.75 | X49: =' 10-03-26'!F48 -> 11.49 | Y49: =' 11-03-26'!E48 -> 11.76 | Z49: =' 11-03-26'!F48 -> 11.82 | AA49: =' 12-03-26'!E48 -> 0 | AB49: =' 12-03-26'!F48 -> 0 | AC49: =' 13-03-26'!E48 -> 0 | AD49: =' 13-03-26'!F48 -> 0 | AE49: =' 14-03-26'!E48 -> 11.69 | AF49: =' 14-03-26'!F48 -> 11.73 | AG49: =' 15-03-26'!E48 -> 0 | AH49: =' 15-03-26'!F48 -> 0 | AI49: =' 16-03-26'!E48 -> 0 | AJ49: =' 16-03-26'!F48 -> 0 | AK49: =' 17-03-26'!E48 -> 11.65 | AL49: =' 17-03-26'!F48 -> 11.68 | AM49: =' 18-03-26'!E48 -> 11.82 | AN49: =' 18-03-26'!F48 -> 11.61 | AO49: =' 19-03-26'!E48 -> 11.47 | AP49: =' 19-03-26'!F48 -> 11.62 | AQ49: =' 20-03-26'!E48 -> 11.5 | AR49: =' 20-03-26'!F48 -> 11.52 | AS49: =' 21-03-26'!E48 -> 11.2 | AT49: =' 21-03-26'!F48 -> 11.15 | AU49: =' 22-03-26'!E48 -> 11.21 | AV49: =' 22-03-26'!F48 -> 11.5 | AW49: =' 23-03-26'!E48 -> 11.58 | AX49: =' 23-03-26'!F48 -> 11.38 | AY49: =' 24-03-26'!E48 -> 11.41 | AZ49: =' 24-03-26'!F48 -> 11.54 | BA49: =' 25-06-26'!E48 -> 11.28 | BB49: =' 25-06-26'!F48 -> 11.2 | BC49: =' 26-03-26'!E48 -> 0 | BD49: =' 26-03-26'!F48 -> 0 | BE49: =' 27-03-26'!E48 -> 0 | BF49: =' 27-03-26'!F48 -> 0 | BG49: =' 28-03-26'!E48 -> 11.58 | BH49: =' 28-03-26'!F48 -> 0 | BI49: =' 29-03-26'!E48 -> 6.38 | BJ49: =' 29-03-26'!F48 -> 0 | BK49: =' 30-03-26'!E48 -> 0 | BL49: =' 30-03-26'!F48 -> 0 | BM49: =' 31-03-26'!E48 -> 0 | BN49: =' 31-03-26'!F48 -> 0
B50: Sílice en SiO2 | C50: Semanal | D50: ≤ 150 mg/l | E50: =' 01-03-26'!E49 -> 0 | F50: =' 01-03-26'!F49 -> 0 | G50: =' 02-03-26'!E49 -> 0 | H50: =' 02-03-26'!F49 -> 0 | I50: =' 03-03-26'!E49 -> 95 | J50: =' 03-03-26'!F49 -> 0 | K50: =' 04-03-26'!E49 -> 0 | L50: =' 04-03-26'!F49 -> 0 | M50: =' 05-03-26'!E49 -> 0 | N50: =' 05-03-26'!F49 -> 0 | O50: =' 06-03-26'!E49 -> 0 | P50: =' 06-03-26'!F49 -> 0 | Q50: =' 07-03-26'!E49 -> 0 | R50: =' 07-03-26'!F49 -> 0 | S50: =' 08-03-26'!E49 -> 0 | T50: =' 08-03-26'!F49 -> 0 | U50: =' 09-03-26'!E49 -> 0 | V50: =' 09-03-26'!F49 -> 0 | W50: =' 10-03-26'!E49 -> 0 | X50: =' 10-03-26'!F49 -> 0 | Y50: =' 11-03-26'!E49 -> 0 | Z50: =' 11-03-26'!F49 -> 0 | AA50: =' 12-03-26'!E49 -> 0 | AB50: =' 12-03-26'!F49 -> 0 | AC50: =' 13-03-26'!E49 -> 0 | AD50: =' 13-03-26'!F49 -> 0 | AE50: =' 14-03-26'!E49 -> 0 | AF50: =' 14-03-26'!F49 -> 0 | AG50: =' 15-03-26'!E49 -> 0 | AH50: =' 15-03-26'!F49 -> 0 | AI50: =' 16-03-26'!E49 -> 0 | AJ50: =' 16-03-26'!F49 -> 0 | AK50: =' 17-03-26'!E49 -> 0 | AL50: =' 17-03-26'!F49 -> 0 | AM50: =' 18-03-26'!E49 -> 0 | AN50: =' 18-03-26'!F49 -> 0 | AO50: =' 19-03-26'!E49 -> 0 | AP50: =' 19-03-26'!F49 -> 0 | AQ50: =' 20-03-26'!E49 -> 0 | AR50: =' 20-03-26'!F49 -> 0 | AS50: =' 21-03-26'!E49 -> 0 | AT50: =' 21-03-26'!F49 -> 0 | AU50: =' 22-03-26'!E49 -> 0 | AV50: =' 22-03-26'!F49 -> 0 | AW50: =' 23-03-26'!E49 -> 0 | AX50: =' 23-03-26'!F49 -> 0 | AY50: =' 24-03-26'!E49 -> 0 | AZ50: =' 24-03-26'!F49 -> 0 | BA50: =' 25-06-26'!E49 -> 100 | BB50: =' 25-06-26'!F49 -> 0 | BC50: =' 26-03-26'!E49 -> 0 | BD50: =' 26-03-26'!F49 -> 0 | BE50: =' 27-03-26'!E49 -> 0 | BF50: =' 27-03-26'!F49 -> 0 | BG50: =' 28-03-26'!E49 -> 0 | BH50: =' 28-03-26'!F49 -> 0 | BI50: =' 29-03-26'!E49 -> 0 | BJ50: =' 29-03-26'!F49 -> 0 | BK50: =' 30-03-26'!E49 -> 0 | BL50: =' 30-03-26'!F49 -> 0 | BM50: =' 31-03-26'!E49 -> 0 | BN50: =' 31-03-26'!F49 -> 0
B51: Dureza Total en CaCO3 | C51: Semanal | D51: ˂ 3 mg/l | E51: =' 01-03-26'!E50 -> 0 | F51: =' 01-03-26'!F50 -> 0 | G51: =' 02-03-26'!E50 -> 0 | H51: =' 02-03-26'!F50 -> 0 | I51: =' 03-03-26'!E50 -> 1.13 | J51: =' 03-03-26'!F50 -> 0 | K51: =' 04-03-26'!E50 -> 0 | L51: =' 04-03-26'!F50 -> 0 | M51: =' 05-03-26'!E50 -> 0 | N51: =' 05-03-26'!F50 -> 0 | O51: =' 06-03-26'!E50 -> 0 | P51: =' 06-03-26'!F50 -> 0 | Q51: =' 07-03-26'!E50 -> 0 | R51: =' 07-03-26'!F50 -> 0 | S51: =' 08-03-26'!E50 -> 0 | T51: =' 08-03-26'!F50 -> 0 | U51: =' 09-03-26'!E50 -> 0 | V51: =' 09-03-26'!F50 -> 0 | W51: =' 10-03-26'!E50 -> 0 | X51: =' 10-03-26'!F50 -> 0 | Y51: =' 11-03-26'!E50 -> 0 | Z51: =' 11-03-26'!F50 -> 0 | AA51: =' 12-03-26'!E50 -> 0 | AB51: =' 12-03-26'!F50 -> 0 | AC51: =' 13-03-26'!E50 -> 0 | AD51: =' 13-03-26'!F50 -> 0 | AE51: =' 14-03-26'!E50 -> 0 | AF51: =' 14-03-26'!F50 -> 0 | AG51: =' 15-03-26'!E50 -> 0 | AH51: =' 15-03-26'!F50 -> 0 | AI51: =' 16-03-26'!E50 -> 0 | AJ51: =' 16-03-26'!F50 -> 0 | AK51: =' 17-03-26'!E50 -> 0 | AL51: =' 17-03-26'!F50 -> 0 | AM51: =' 18-03-26'!E50 -> 0 | AN51: =' 18-03-26'!F50 -> 0 | AO51: =' 19-03-26'!E50 -> 0 | AP51: =' 19-03-26'!F50 -> 0 | AQ51: =' 20-03-26'!E50 -> 0 | AR51: =' 20-03-26'!F50 -> 0 | AS51: =' 21-03-26'!E50 -> 0 | AT51: =' 21-03-26'!F50 -> 0 | AU51: =' 22-03-26'!E50 -> 0 | AV51: =' 22-03-26'!F50 -> 0 | AW51: =' 23-03-26'!E50 -> 0 | AX51: =' 23-03-26'!F50 -> 0 | AY51: =' 24-03-26'!E50 -> 0 | AZ51: =' 24-03-26'!F50 -> 0 | BA51: =' 25-06-26'!E50 -> 1.31 | BB51: =' 25-06-26'!F50 -> 0 | BC51: =' 26-03-26'!E50 -> 0 | BD51: =' 26-03-26'!F50 -> 0 | BE51: =' 27-03-26'!E50 -> 0 | BF51: =' 27-03-26'!F50 -> 0 | BG51: =' 28-03-26'!E50 -> 0 | BH51: =' 28-03-26'!F50 -> 0 | BI51: =' 29-03-26'!E50 -> 0 | BJ51: =' 29-03-26'!F50 -> 0 | BK51: =' 30-03-26'!E50 -> 0 | BL51: =' 30-03-26'!F50 -> 0 | BM51: =' 31-03-26'!E50 -> 0 | BN51: =' 31-03-26'!F50 -> 0
B52: Hierro Total | C52: Mensual | D52: ˂ 1 mg/l | E52: =' 01-03-26'!E51 -> 0 | F52: =' 01-03-26'!F51 -> 0 | G52: =' 02-03-26'!E51 -> 0 | H52: =' 02-03-26'!F51 -> 0 | I52: =' 03-03-26'!E51 -> 0.44 | J52: =' 03-03-26'!F51 -> 0 | K52: =' 04-03-26'!E51 -> 0 | L52: =' 04-03-26'!F51 -> 0 | M52: =' 05-03-26'!E51 -> 0 | N52: =' 05-03-26'!F51 -> 0 | O52: =' 06-03-26'!E51 -> 0 | P52: =' 06-03-26'!F51 -> 0 | Q52: =' 07-03-26'!E51 -> 0 | R52: =' 07-03-26'!F51 -> 0 | S52: =' 08-03-26'!E51 -> 0 | T52: =' 08-03-26'!F51 -> 0 | U52: =' 09-03-26'!E51 -> 0 | V52: =' 09-03-26'!F51 -> 0 | W52: =' 10-03-26'!E51 -> 0 | X52: =' 10-03-26'!F51 -> 0 | Y52: =' 11-03-26'!E51 -> 0 | Z52: =' 11-03-26'!F51 -> 0 | AA52: =' 12-03-26'!E51 -> 0 | AB52: =' 12-03-26'!F51 -> 0 | AC52: =' 13-03-26'!E51 -> 0 | AD52: =' 13-03-26'!F51 -> 0 | AE52: =' 14-03-26'!E51 -> 0 | AF52: =' 14-03-26'!F51 -> 0 | AG52: =' 15-03-26'!E51 -> 0 | AH52: =' 15-03-26'!F51 -> 0 | AI52: =' 16-03-26'!E51 -> 0 | AJ52: =' 16-03-26'!F51 -> 0 | AK52: =' 17-03-26'!E51 -> 0 | AL52: =' 17-03-26'!F51 -> 0 | AM52: =' 18-03-26'!E51 -> 0 | AN52: =' 18-03-26'!F51 -> 0 | AO52: =' 19-03-26'!E51 -> 0 | AP52: =' 19-03-26'!F51 -> 0 | AQ52: =' 20-03-26'!E51 -> 0 | AR52: =' 20-03-26'!F51 -> 0 | AS52: =' 21-03-26'!E51 -> 0 | AT52: =' 21-03-26'!F51 -> 0 | AU52: =' 22-03-26'!E51 -> 0 | AV52: =' 22-03-26'!F51 -> 0 | AW52: =' 23-03-26'!E51 -> 0 | AX52: =' 23-03-26'!F51 -> 0 | AY52: =' 24-03-26'!E51 -> 0.06 | AZ52: =' 24-03-26'!F51 -> 0 | BA52: =' 25-06-26'!E51 -> 0.58 | BB52: =' 25-06-26'!F51 -> 0 | BC52: =' 26-03-26'!E51 -> 0 | BD52: =' 26-03-26'!F51 -> 0 | BE52: =' 27-03-26'!E51 -> 0 | BF52: =' 27-03-26'!F51 -> 0 | BG52: =' 28-03-26'!E51 -> 0 | BH52: =' 28-03-26'!F51 -> 0 | BI52: =' 29-03-26'!E51 -> 0 | BJ52: =' 29-03-26'!F51 -> 0 | BK52: =' 30-03-26'!E51 -> 0 | BL52: =' 30-03-26'!F51 -> 0 | BM52: =' 31-03-26'!E51 -> 0 | BN52: =' 31-03-26'!F51 -> 0
